Document No,Document Date,PO No,SO No,Storage Location,Model,Unit Type,HP,Serial Number
8010356027,01/08/2026,636,1010255637,MVC DavaoTG,FTKQ60CVAF,indoor,2.5HP,K007268
8010356027,01/08/2026,636,1010255637,MVC DavaoTG,FTKQ60CVAF,indoor,2.5HP,K007269
8010356027,01/08/2026,636,1010255637,MVC DavaoTG,FTKQ60CVAF,indoor,2.5HP,K007270
8010356027,01/08/2026,636,1010255637,MVC DavaoTG,FTKQ60CVAF,indoor,2.5HP,K007272
8010356027,01/08/2026,636,1010255637,MVC DavaoTG,FTKQ60CVAF,indoor,2.5HP,K007277
8010356027,01/08/2026,636,1010255637,MVC DavaoTG,RKQ60CVA,outdoor,2.5HP,K006950
8010356027,01/08/2026,636,1010255637,MVC DavaoTG,RKQ60CVA,outdoor,2.5HP,K007009
8010356027,01/08/2026,636,1010255637,MVC DavaoTG,RKQ60CVA,outdoor,2.5HP,K007011
8010356027,01/08/2026,636,1010255637,MVC DavaoTG,RKQ60CVA,outdoor,2.5HP,K007012
8010356027,01/08/2026,636,1010255637,MVC DavaoTG,RKQ60CVA,outdoor,2.5HP,K007015
8010356386,01/10/2026,638,1010256090,MVC DavaoTG,FTKE25AVA,indoor,1.0HP,K015750
8010356386,01/10/2026,638,1010256090,MVC DavaoTG,FTKE25AVA,indoor,1.0HP,K015771
8010356386,01/10/2026,638,1010256090,MVC DavaoTG,FTKE25AVA,indoor,1.0HP,K015772
8010356386,01/10/2026,638,1010256090,MVC DavaoTG,FTKE25AVA,indoor,1.0HP,K015773
8010356386,01/10/2026,638,1010256090,MVC DavaoTG,FTKE25AVA,indoor,1.0HP,K015774
8010356386,01/10/2026,638,1010256090,MVC DavaoTG,FTKE25AVA,indoor,1.0HP,K015775
8010356386,01/10/2026,638,1010256090,MVC DavaoTG,FTKE25AVA,indoor,1.0HP,K015777
8010356386,01/10/2026,638,1010256090,MVC DavaoTG,FTKE25AVA,indoor,1.0HP,K015778
8010356386,01/10/2026,638,1010256090,MVC DavaoTG,FTKE25AVA,indoor,1.0HP,K015784
8010356386,01/10/2026,638,1010256090,MVC DavaoTG,FTKE25AVA,indoor,1.0HP,K015792
8010356386,01/10/2026,638,1010256090,MVC DavaoTG,FTKE25AVA,indoor,1.0HP,K015842
8010356386,01/10/2026,638,1010256090,MVC DavaoTG,FTKE25AVA,indoor,1.0HP,K015853
8010356386,01/10/2026,638,1010256090,MVC DavaoTG,FTKE25AVA,indoor,1.0HP,K015858
8010356386,01/10/2026,638,1010256090,MVC DavaoTG,FTKE25AVA,indoor,1.0HP,K016492
8010356386,01/10/2026,638,1010256090,MVC DavaoTG,FTKE25AVA,indoor,1.0HP,K016496
8010356386,01/10/2026,638,1010256090,MVC DavaoTG,FTKE35AVA,indoor,1.5HP,K010979
8010356386,01/10/2026,638,1010256090,MVC DavaoTG,FTKE35AVA,indoor,1.5HP,K013590
8010356386,01/10/2026,638,1010256090,MVC DavaoTG,FTKE35AVA,indoor,1.5HP,K013592
8010356386,01/10/2026,638,1010256090,MVC DavaoTG,FTKE35AVA,indoor,1.5HP,K013618
8010356386,01/10/2026,638,1010256090,MVC DavaoTG,FTKE35AVA,indoor,1.5HP,K013622
8010356386,01/10/2026,638,1010256090,MVC DavaoTG,FTKE35AVA,indoor,1.5HP,K013626
8010356386,01/10/2026,638,1010256090,MVC DavaoTG,FTKE35AVA,indoor,1.5HP,K013630
8010356386,01/10/2026,638,1010256090,MVC DavaoTG,FTKE35AVA,indoor,1.5HP,K013635
8010356386,01/10/2026,638,1010256090,MVC DavaoTG,FTKE35AVA,indoor,1.5HP,K013638
8010356386,01/10/2026,638,1010256090,MVC DavaoTG,FTKE35AVA,indoor,1.5HP,K013639
8010356386,01/10/2026,638,1010256090,MVC DavaoTG,FTKE35AVA,indoor,1.5HP,K013640
8010356386,01/10/2026,638,1010256090,MVC DavaoTG,FTKE35AVA,indoor,1.5HP,K013644
8010356386,01/10/2026,638,1010256090,MVC DavaoTG,FTKE35AVA,indoor,1.5HP,K013759
8010356386,01/10/2026,638,1010256090,MVC DavaoTG,FTKE35AVA,indoor,1.5HP,K014242
8010356386,01/10/2026,638,1010256090,MVC DavaoTG,FTKE35AVA,indoor,1.5HP,K014248
8010356386,01/10/2026,638,1010256090,MVC DavaoTG,FTKE35AVA,indoor,1.5HP,K014554
8010356386,01/10/2026,638,1010256090,MVC DavaoTG,FTKE35AVA,indoor,1.5HP,K014562
8010356386,01/10/2026,638,1010256090,MVC DavaoTG,FTKE35AVA,indoor,1.5HP,K014568
8010356386,01/10/2026,638,1010256090,MVC DavaoTG,FTKE35AVA,indoor,1.5HP,K014571
8010356386,01/10/2026,638,1010256090,MVC DavaoTG,FTKE35AVA,indoor,1.5HP,K014703
8010356386,01/10/2026,638,1010256090,MVC DavaoTG,RKE25AVA,outdoor,1.0HP,K011423
8010356386,01/10/2026,638,1010256090,MVC DavaoTG,RKE25AVA,outdoor,1.0HP,K011441
8010356386,01/10/2026,638,1010256090,MVC DavaoTG,RKE25AVA,outdoor,1.0HP,K012144
8010356386,01/10/2026,638,1010256090,MVC DavaoTG,RKE25AVA,outdoor,1.0HP,K012278
8010356386,01/10/2026,638,1010256090,MVC DavaoTG,RKE25AVA,outdoor,1.0HP,K012280
8010356386,01/10/2026,638,1010256090,MVC DavaoTG,RKE25AVA,outdoor,1.0HP,K012281
8010356386,01/10/2026,638,1010256090,MVC DavaoTG,RKE25AVA,outdoor,1.0HP,K012282
8010356386,01/10/2026,638,1010256090,MVC DavaoTG,RKE25AVA,outdoor,1.0HP,K012286
8010356386,01/10/2026,638,1010256090,MVC DavaoTG,RKE25AVA,outdoor,1.0HP,K012288
8010356386,01/10/2026,638,1010256090,MVC DavaoTG,RKE25AVA,outdoor,1.0HP,K012289
8010356386,01/10/2026,638,1010256090,MVC DavaoTG,RKE25AVA,outdoor,1.0HP,K012290
8010356386,01/10/2026,638,1010256090,MVC DavaoTG,RKE25AVA,outdoor,1.0HP,K012292
8010356386,01/10/2026,638,1010256090,MVC DavaoTG,RKE25AVA,outdoor,1.0HP,K012295
8010356386,01/10/2026,638,1010256090,MVC DavaoTG,RKE25AVA,outdoor,1.0HP,K012334
8010356386,01/10/2026,638,1010256090,MVC DavaoTG,RKE25AVA,outdoor,1.0HP,K012336
8010356386,01/10/2026,638,1010256090,MVC DavaoTG,RKE35AVA,outdoor,1.5HP,K014057
8010356386,01/10/2026,638,1010256090,MVC DavaoTG,RKE35AVA,outdoor,1.5HP,K014062
8010356386,01/10/2026,638,1010256090,MVC DavaoTG,RKE35AVA,outdoor,1.5HP,K014063
8010356386,01/10/2026,638,1010256090,MVC DavaoTG,RKE35AVA,outdoor,1.5HP,K014260
8010356386,01/10/2026,638,1010256090,MVC DavaoTG,RKE35AVA,outdoor,1.5HP,K014276
8010356386,01/10/2026,638,1010256090,MVC DavaoTG,RKE35AVA,outdoor,1.5HP,K014278
8010356386,01/10/2026,638,1010256090,MVC DavaoTG,RKE35AVA,outdoor,1.5HP,K014281
8010356386,01/10/2026,638,1010256090,MVC DavaoTG,RKE35AVA,outdoor,1.5HP,K014282
8010356386,01/10/2026,638,1010256090,MVC DavaoTG,RKE35AVA,outdoor,1.5HP,K015848
8010356386,01/10/2026,638,1010256090,MVC DavaoTG,RKE35AVA,outdoor,1.5HP,K016027
8010356386,01/10/2026,638,1010256090,MVC DavaoTG,RKE35AVA,outdoor,1.5HP,K016085
8010356386,01/10/2026,638,1010256090,MVC DavaoTG,RKE35AVA,outdoor,1.5HP,K016087
8010356386,01/10/2026,638,1010256090,MVC DavaoTG,RKE35AVA,outdoor,1.5HP,K016088
8010356386,01/10/2026,638,1010256090,MVC DavaoTG,RKE35AVA,outdoor,1.5HP,K016089
8010356386,01/10/2026,638,1010256090,MVC DavaoTG,RKE35AVA,outdoor,1.5HP,K016090
8010356386,01/10/2026,638,1010256090,MVC DavaoTG,RKE35AVA,outdoor,1.5HP,K016092
8010356386,01/10/2026,638,1010256090,MVC DavaoTG,RKE35AVA,outdoor,1.5HP,K016093
8010356386,01/10/2026,638,1010256090,MVC DavaoTG,RKE35AVA,outdoor,1.5HP,K016096
8010356386,01/10/2026,638,1010256090,MVC DavaoTG,RKE35AVA,outdoor,1.5HP,K016097
8010356386,01/10/2026,638,1010256090,MVC DavaoTG,RKE35AVA,outdoor,1.5HP,K016101
8010356597,01/12/2026,639,1010256206,MVC DavaoTG,FHFC100AVM,indoor,4.0HP,E003916
8010356597,01/12/2026,639,1010256206,MVC DavaoTG,FHFC100AVM,indoor,4.0HP,E003918
8010356597,01/12/2026,639,1010256206,MVC DavaoTG,RZFC100BXVM,outdoor,4.0HP,K009010
8010356597,01/12/2026,639,1010256206,MVC DavaoTG,RZFC100BXVM,outdoor,4.0HP,K009119
8010356603,01/12/2026,640,1010256203,MVC DavaoTG,FVFC140BXVA,indoor,6.0HP,K004802
8010356603,01/12/2026,640,1010256203,MVC DavaoTG,RZFC140BXVM,outdoor,6.0HP,K007550
8010356839,01/13/2026,641,1010256439,MVC DavaoTG,FTKQ60CVAF,indoor,2.5HP,K006287
8010356839,01/13/2026,641,1010256439,MVC DavaoTG,FTKQ60CVAF,indoor,2.5HP,K006297
8010356839,01/13/2026,641,1010256439,MVC DavaoTG,FTKQ60CVAF,indoor,2.5HP,K006306
8010356839,01/13/2026,641,1010256439,MVC DavaoTG,FTKQ60CVAF,indoor,2.5HP,K006307
8010356839,01/13/2026,641,1010256439,MVC DavaoTG,FTKQ60CVAF,indoor,2.5HP,K006308
8010356839,01/13/2026,641,1010256439,MVC DavaoTG,RKQ60CVA,outdoor,2.5HP,K005445
8010356839,01/13/2026,641,1010256439,MVC DavaoTG,RKQ60CVA,outdoor,2.5HP,K006794
8010356839,01/13/2026,641,1010256439,MVC DavaoTG,RKQ60CVA,outdoor,2.5HP,K006796
8010356839,01/13/2026,641,1010256439,MVC DavaoTG,RKQ60CVA,outdoor,2.5HP,K006799
8010356839,01/13/2026,641,1010256439,MVC DavaoTG,RKQ60CVA,outdoor,2.5HP,K006800
8010357709,01/16/2026,642,1010257094,MVC DavaoTG,FVFC71BXVA,indoor,3.0HP,K001192
8010357709,01/16/2026,642,1010257094,MVC DavaoTG,RZFC71BXVM,outdoor,3.0HP,K002474
8010357874,01/16/2026,643,1010257214,MVC DavaoTG,FTKQ50CVAF,indoor,2.0HP,K006180
8010357874,01/16/2026,643,1010257214,MVC DavaoTG,FTKQ50CVAF,indoor,2.0HP,K006186
8010357874,01/16/2026,643,1010257214,MVC DavaoTG,FTKQ50CVAF,indoor,2.0HP,K006198
8010357874,01/16/2026,643,1010257214,MVC DavaoTG,FTKQ50CVAF,indoor,2.0HP,K006200
8010357874,01/16/2026,643,1010257214,MVC DavaoTG,FTKQ50CVAF,indoor,2.0HP,K008986
8010357874,01/16/2026,643,1010257214,MVC DavaoTG,RKQ50CVA,outdoor,2.0HP,K007767
8010357874,01/16/2026,643,1010257214,MVC DavaoTG,RKQ50CVA,outdoor,2.0HP,K007769
8010357874,01/16/2026,643,1010257214,MVC DavaoTG,RKQ50CVA,outdoor,2.0HP,K007788
8010357874,01/16/2026,643,1010257214,MVC DavaoTG,RKQ50CVA,outdoor,2.0HP,K007806
8010357874,01/16/2026,643,1010257214,MVC DavaoTG,RKQ50CVA,outdoor,2.0HP,K007809
8010359192,01/23/2026,648,1010258268,MVC DavaoTG,FTKE50AVA,indoor,2.0HP,K002946
8010359192,01/23/2026,648,1010258268,MVC DavaoTG,FTKE50AVA,indoor,2.0HP,K002948
8010359192,01/23/2026,648,1010258268,MVC DavaoTG,FTKE50AVA,indoor,2.0HP,K002949
8010359192,01/23/2026,648,1010258268,MVC DavaoTG,FTKE50AVA,indoor,2.0HP,K002957
8010359192,01/23/2026,648,1010258268,MVC DavaoTG,FTKE50AVA,indoor,2.0HP,K002961
8010359192,01/23/2026,648,1010258268,MVC DavaoTG,RKE50AVA,outdoor,2.0HP,K002786
8010359192,01/23/2026,648,1010258268,MVC DavaoTG,RKE50AVA,outdoor,2.0HP,K002790
8010359192,01/23/2026,648,1010258268,MVC DavaoTG,RKE50AVA,outdoor,2.0HP,K002791
8010359192,01/23/2026,648,1010258268,MVC DavaoTG,RKE50AVA,outdoor,2.0HP,K002792
8010359192,01/23/2026,648,1010258268,MVC DavaoTG,RKE50AVA,outdoor,2.0HP,K002810
8010361059,01/31/2026,650,1010259781,MVC DavaoTG,FTKE25AVA,indoor,1.0HP,K010463
8010361059,01/31/2026,650,1010259781,MVC DavaoTG,FTKE25AVA,indoor,1.0HP,K010470
8010361059,01/31/2026,650,1010259781,MVC DavaoTG,FTKE25AVA,indoor,1.0HP,K010472
8010361059,01/31/2026,650,1010259781,MVC DavaoTG,FTKE25AVA,indoor,1.0HP,K010474
8010361059,01/31/2026,650,1010259781,MVC DavaoTG,FTKE25AVA,indoor,1.0HP,K010491
8010361059,01/31/2026,650,1010259781,MVC DavaoTG,FTKE25AVA,indoor,1.0HP,K010494
8010361059,01/31/2026,650,1010259781,MVC DavaoTG,FTKE25AVA,indoor,1.0HP,K010497
8010361059,01/31/2026,650,1010259781,MVC DavaoTG,FTKE25AVA,indoor,1.0HP,K010548
8010361059,01/31/2026,650,1010259781,MVC DavaoTG,FTKE25AVA,indoor,1.0HP,K010549
8010361059,01/31/2026,650,1010259781,MVC DavaoTG,FTKE25AVA,indoor,1.0HP,K011790
8010361059,01/31/2026,650,1010259781,MVC DavaoTG,FTKE25AVA,indoor,1.0HP,K011796
8010361059,01/31/2026,650,1010259781,MVC DavaoTG,FTKE25AVA,indoor,1.0HP,K011800
8010361059,01/31/2026,650,1010259781,MVC DavaoTG,FTKE25AVA,indoor,1.0HP,K011805
8010361059,01/31/2026,650,1010259781,MVC DavaoTG,FTKE25AVA,indoor,1.0HP,K013084
8010361059,01/31/2026,650,1010259781,MVC DavaoTG,FTKE25AVA,indoor,1.0HP,K013094
8010361059,01/31/2026,650,1010259781,MVC DavaoTG,FTKE35AVA,indoor,1.5HP,K015586
8010361059,01/31/2026,650,1010259781,MVC DavaoTG,FTKE35AVA,indoor,1.5HP,K015597
8010361059,01/31/2026,650,1010259781,MVC DavaoTG,FTKE35AVA,indoor,1.5HP,K015625
8010361059,01/31/2026,650,1010259781,MVC DavaoTG,FTKE35AVA,indoor,1.5HP,K015626
8010361059,01/31/2026,650,1010259781,MVC DavaoTG,FTKE35AVA,indoor,1.5HP,K015627
8010361059,01/31/2026,650,1010259781,MVC DavaoTG,FTKE35AVA,indoor,1.5HP,K015665
8010361059,01/31/2026,650,1010259781,MVC DavaoTG,FTKE35AVA,indoor,1.5HP,K015667
8010361059,01/31/2026,650,1010259781,MVC DavaoTG,FTKE35AVA,indoor,1.5HP,K015681
8010361059,01/31/2026,650,1010259781,MVC DavaoTG,FTKE35AVA,indoor,1.5HP,K015682
8010361059,01/31/2026,650,1010259781,MVC DavaoTG,FTKE35AVA,indoor,1.5HP,K015689
8010361059,01/31/2026,650,1010259781,MVC DavaoTG,FTKE50AVA,indoor,2.0HP,K002187
8010361059,01/31/2026,650,1010259781,MVC DavaoTG,FTKE50AVA,indoor,2.0HP,K003686
8010361059,01/31/2026,650,1010259781,MVC DavaoTG,FTKE50AVA,indoor,2.0HP,K003691
8010361059,01/31/2026,650,1010259781,MVC DavaoTG,FTKE50AVA,indoor,2.0HP,K003694
8010361059,01/31/2026,650,1010259781,MVC DavaoTG,FTKE50AVA,indoor,2.0HP,K003697
8010361059,01/31/2026,650,1010259781,MVC DavaoTG,FTKE50AVA,indoor,2.0HP,K003700
8010361059,01/31/2026,650,1010259781,MVC DavaoTG,FTKE50AVA,indoor,2.0HP,K003705
8010361059,01/31/2026,650,1010259781,MVC DavaoTG,FTKQ71CVAF,indoor,3.0HP,K003548
8010361059,01/31/2026,650,1010259781,MVC DavaoTG,FTKQ71CVAF,indoor,3.0HP,K003584
8010361059,01/31/2026,650,1010259781,MVC DavaoTG,FTKQ71CVAF,indoor,3.0HP,K003588
8010361059,01/31/2026,650,1010259781,MVC DavaoTG,FTKQ71CVAF,indoor,3.0HP,K003591
8010361059,01/31/2026,650,1010259781,MVC DavaoTG,FTKQ71CVAF,indoor,3.0HP,K003614
8010361059,01/31/2026,650,1010259781,MVC DavaoTG,RKE25AVA,outdoor,1.0HP,K009657
8010361059,01/31/2026,650,1010259781,MVC DavaoTG,RKE25AVA,outdoor,1.0HP,K009973
8010361059,01/31/2026,650,1010259781,MVC DavaoTG,RKE25AVA,outdoor,1.0HP,K010693
8010361059,01/31/2026,650,1010259781,MVC DavaoTG,RKE25AVA,outdoor,1.0HP,K010703
8010361059,01/31/2026,650,1010259781,MVC DavaoTG,RKE25AVA,outdoor,1.0HP,K010704
8010361059,01/31/2026,650,1010259781,MVC DavaoTG,RKE25AVA,outdoor,1.0HP,K011436
8010361059,01/31/2026,650,1010259781,MVC DavaoTG,RKE25AVA,outdoor,1.0HP,K011442
8010361059,01/31/2026,650,1010259781,MVC DavaoTG,RKE25AVA,outdoor,1.0HP,K011445
8010361059,01/31/2026,650,1010259781,MVC DavaoTG,RKE25AVA,outdoor,1.0HP,K011447
8010361059,01/31/2026,650,1010259781,MVC DavaoTG,RKE25AVA,outdoor,1.0HP,K011560
8010361059,01/31/2026,650,1010259781,MVC DavaoTG,RKE25AVA,outdoor,1.0HP,K011564
8010361059,01/31/2026,650,1010259781,MVC DavaoTG,RKE25AVA,outdoor,1.0HP,K011567
8010361059,01/31/2026,650,1010259781,MVC DavaoTG,RKE25AVA,outdoor,1.0HP,K011575
8010361059,01/31/2026,650,1010259781,MVC DavaoTG,RKE25AVA,outdoor,1.0HP,K011576
8010361059,01/31/2026,650,1010259781,MVC DavaoTG,RKE25AVA,outdoor,1.0HP,K011579
8010361059,01/31/2026,650,1010259781,MVC DavaoTG,RKE35AVA,outdoor,1.5HP,K015713
8010361059,01/31/2026,650,1010259781,MVC DavaoTG,RKE35AVA,outdoor,1.5HP,K015714
8010361059,01/31/2026,650,1010259781,MVC DavaoTG,RKE35AVA,outdoor,1.5HP,K015715
8010361059,01/31/2026,650,1010259781,MVC DavaoTG,RKE35AVA,outdoor,1.5HP,K015724
8010361059,01/31/2026,650,1010259781,MVC DavaoTG,RKE35AVA,outdoor,1.5HP,K015968
8010361059,01/31/2026,650,1010259781,MVC DavaoTG,RKE35AVA,outdoor,1.5HP,K015971
8010361059,01/31/2026,650,1010259781,MVC DavaoTG,RKE35AVA,outdoor,1.5HP,K015983
8010361059,01/31/2026,650,1010259781,MVC DavaoTG,RKE35AVA,outdoor,1.5HP,K015984
8010361059,01/31/2026,650,1010259781,MVC DavaoTG,RKE35AVA,outdoor,1.5HP,K015986
8010361059,01/31/2026,650,1010259781,MVC DavaoTG,RKE35AVA,outdoor,1.5HP,K015991
8010361059,01/31/2026,650,1010259781,MVC DavaoTG,RKE50AVA,outdoor,2.0HP,K002878
8010361059,01/31/2026,650,1010259781,MVC DavaoTG,RKE50AVA,outdoor,2.0HP,K002880
8010361059,01/31/2026,650,1010259781,MVC DavaoTG,RKE50AVA,outdoor,2.0HP,K002882
8010361059,01/31/2026,650,1010259781,MVC DavaoTG,RKE50AVA,outdoor,2.0HP,K002883
8010361059,01/31/2026,650,1010259781,MVC DavaoTG,RKE50AVA,outdoor,2.0HP,K003092
8010361059,01/31/2026,650,1010259781,MVC DavaoTG,RKE50AVA,outdoor,2.0HP,K003404
8010361059,01/31/2026,650,1010259781,MVC DavaoTG,RKE50AVA,outdoor,2.0HP,K003626
8010361059,01/31/2026,650,1010259781,MVC DavaoTG,RKQ71CVA,outdoor,3.0HP,K004148
8010361059,01/31/2026,650,1010259781,MVC DavaoTG,RKQ71CVA,outdoor,3.0HP,K004151
8010361059,01/31/2026,650,1010259781,MVC DavaoTG,RKQ71CVA,outdoor,3.0HP,K004153
8010361059,01/31/2026,650,1010259781,MVC DavaoTG,RKQ71CVA,outdoor,3.0HP,K004266
8010361059,01/31/2026,650,1010259781,MVC DavaoTG,RKQ71CVA,outdoor,3.0HP,K004269
8010362078,02/06/2026,653,1010260605,MVC DavaoTG,FTKZ71WVM,indoor,3.0HP,E001345
8010362078,02/06/2026,653,1010260605,MVC DavaoTG,RKZ71WVM,outdoor,3.0HP,E001484
8010361871,02/09/2026,652,1010260427,MVC CDOTG,FTKF50CVA,indoor,2.0HP,K003294
8010361871,02/09/2026,652,1010260427,MVC CDOTG,FTKF50CVA,indoor,2.0HP,K003325
8010361871,02/09/2026,652,1010260427,MVC CDOTG,FTKF50CVA,indoor,2.0HP,K003326
8010361871,02/09/2026,652,1010260427,MVC CDOTG,FTKF50CVA,indoor,2.0HP,K003327
8010361871,02/09/2026,652,1010260427,MVC CDOTG,FTKF50CVA,indoor,2.0HP,K003329
8010361871,02/09/2026,652,1010260427,MVC CDOTG,FTKF50CVA,indoor,2.0HP,K003330
8010361871,02/09/2026,652,1010260427,MVC CDOTG,FTKF50CVA,indoor,2.0HP,K003333
8010361871,02/09/2026,652,1010260427,MVC CDOTG,FTKF50CVA,indoor,2.0HP,K003337
8010361871,02/09/2026,652,1010260427,MVC CDOTG,FTKF50CVA,indoor,2.0HP,K003339
8010361871,02/09/2026,652,1010260427,MVC CDOTG,FTKF50CVA,indoor,2.0HP,K003341
8010361871,02/09/2026,652,1010260427,MVC CDOTG,FTKF50CVA,indoor,2.0HP,K003343
8010361871,02/09/2026,652,1010260427,MVC CDOTG,FTKF50CVA,indoor,2.0HP,K003345
8010361871,02/09/2026,652,1010260427,MVC CDOTG,FTKF50CVA,indoor,2.0HP,K003348
8010361871,02/09/2026,652,1010260427,MVC CDOTG,FTKF50CVA,indoor,2.0HP,K003364
8010361871,02/09/2026,652,1010260427,MVC CDOTG,FTKF50CVA,indoor,2.0HP,K003368
8010361871,02/09/2026,652,1010260427,MVC CDOTG,FTKF50CVA,indoor,2.0HP,K003369
8010361871,02/09/2026,652,1010260427,MVC CDOTG,RKF50CVA,outdoor,2.0HP,K002464
8010361871,02/09/2026,652,1010260427,MVC CDOTG,RKF50CVA,outdoor,2.0HP,K003228
8010361871,02/09/2026,652,1010260427,MVC CDOTG,RKF50CVA,outdoor,2.0HP,K003250
8010361871,02/09/2026,652,1010260427,MVC CDOTG,RKF50CVA,outdoor,2.0HP,K003252
8010361871,02/09/2026,652,1010260427,MVC CDOTG,RKF50CVA,outdoor,2.0HP,K003266
8010361871,02/09/2026,652,1010260427,MVC CDOTG,RKF50CVA,outdoor,2.0HP,K003268
8010361871,02/09/2026,652,1010260427,MVC CDOTG,RKF50CVA,outdoor,2.0HP,K003269
8010361871,02/09/2026,652,1010260427,MVC CDOTG,RKF50CVA,outdoor,2.0HP,K003321
8010361871,02/09/2026,652,1010260427,MVC CDOTG,RKF50CVA,outdoor,2.0HP,K003327
8010361871,02/09/2026,652,1010260427,MVC CDOTG,RKF50CVA,outdoor,2.0HP,K003337
8010361871,02/09/2026,652,1010260427,MVC CDOTG,RKF50CVA,outdoor,2.0HP,K003338
8010361871,02/09/2026,652,1010260427,MVC CDOTG,RKF50CVA,outdoor,2.0HP,K003339
8010361871,02/09/2026,652,1010260427,MVC CDOTG,RKF50CVA,outdoor,2.0HP,K003340
8010361871,02/09/2026,652,1010260427,MVC CDOTG,RKF50CVA,outdoor,2.0HP,K003341
8010361871,02/09/2026,652,1010260427,MVC CDOTG,RKF50CVA,outdoor,2.0HP,K003342
8010361871,02/09/2026,652,1010260427,MVC CDOTG,RKF50CVA,outdoor,2.0HP,K003343
8010361872,02/09/2026,652,1010260427,MVC ButuanTG,FTKF50CVA,indoor,2.0HP,K003361
8010361872,02/09/2026,652,1010260427,MVC ButuanTG,FTKF50CVA,indoor,2.0HP,K003365
8010361872,02/09/2026,652,1010260427,MVC ButuanTG,FTKF50CVA,indoor,2.0HP,K003372
8010361872,02/09/2026,652,1010260427,MVC ButuanTG,FTKF50CVA,indoor,2.0HP,K003375
8010361872,02/09/2026,652,1010260427,MVC ButuanTG,FTKF50CVA,indoor,2.0HP,K003381
8010361872,02/09/2026,652,1010260427,MVC ButuanTG,RKF50CVA,outdoor,2.0HP,K003344
8010361872,02/09/2026,652,1010260427,MVC ButuanTG,RKF50CVA,outdoor,2.0HP,K003379
8010361872,02/09/2026,652,1010260427,MVC ButuanTG,RKF50CVA,outdoor,2.0HP,K003381
8010361872,02/09/2026,652,1010260427,MVC ButuanTG,RKF50CVA,outdoor,2.0HP,K003382
8010361872,02/09/2026,652,1010260427,MVC ButuanTG,RKF50CVA,outdoor,2.0HP,K003383
8010361873,02/09/2026,652,1010260427,MVC PagadianTG,FTKF50CVA,indoor,2.0HP,K003268
8010361873,02/09/2026,652,1010260427,MVC PagadianTG,FTKF50CVA,indoor,2.0HP,K003316
8010361873,02/09/2026,652,1010260427,MVC PagadianTG,FTKF50CVA,indoor,2.0HP,K003318
8010361873,02/09/2026,652,1010260427,MVC PagadianTG,RKF50CVA,outdoor,2.0HP,K003236
8010361873,02/09/2026,652,1010260427,MVC PagadianTG,RKF50CVA,outdoor,2.0HP,K003261
8010361873,02/09/2026,652,1010260427,MVC PagadianTG,RKF50CVA,outdoor,2.0HP,K003314
8010363499,02/13/2026,657,1010261717,MVC DavaoTG,FTKC60BVAF,indoor,2.5HP,K003615
8010363499,02/13/2026,657,1010261717,MVC DavaoTG,RKC60BVA,outdoor,2.5HP,K003498
8010364652,02/20/2026,659,1010262630,MVC DavaoTG,FTKQ60CVAF,indoor,2.5HP,K006651
8010364652,02/20/2026,659,1010262630,MVC DavaoTG,FTKQ60CVAF,indoor,2.5HP,K008643
8010364652,02/20/2026,659,1010262630,MVC DavaoTG,FTKQ60CVAF,indoor,2.5HP,K008671
8010364652,02/20/2026,659,1010262630,MVC DavaoTG,FTKQ60CVAF,indoor,2.5HP,K008673
8010364652,02/20/2026,659,1010262630,MVC DavaoTG,FTKQ60CVAF,indoor,2.5HP,K008674
8010364652,02/20/2026,659,1010262630,MVC DavaoTG,FTKQ60CVAF,indoor,2.5HP,K008675
8010364652,02/20/2026,659,1010262630,MVC DavaoTG,FTKQ60CVAF,indoor,2.5HP,K008676
8010364652,02/20/2026,659,1010262630,MVC DavaoTG,FTKQ60CVAF,indoor,2.5HP,K008680
8010364652,02/20/2026,659,1010262630,MVC DavaoTG,FTKQ60CVAF,indoor,2.5HP,K008682
8010364652,02/20/2026,659,1010262630,MVC DavaoTG,FTKQ60CVAF,indoor,2.5HP,K008683
8010364652,02/20/2026,659,1010262630,MVC DavaoTG,RKQ60CVA,outdoor,2.5HP,K006951
8010364652,02/20/2026,659,1010262630,MVC DavaoTG,RKQ60CVA,outdoor,2.5HP,K007017
8010364652,02/20/2026,659,1010262630,MVC DavaoTG,RKQ60CVA,outdoor,2.5HP,K007018
8010364652,02/20/2026,659,1010262630,MVC DavaoTG,RKQ60CVA,outdoor,2.5HP,K007019
8010364652,02/20/2026,659,1010262630,MVC DavaoTG,RKQ60CVA,outdoor,2.5HP,K007025
8010364652,02/20/2026,659,1010262630,MVC DavaoTG,RKQ60CVA,outdoor,2.5HP,K007027
8010364652,02/20/2026,659,1010262630,MVC DavaoTG,RKQ60CVA,outdoor,2.5HP,K007032
8010364652,02/20/2026,659,1010262630,MVC DavaoTG,RKQ60CVA,outdoor,2.5HP,K008333
8010364652,02/20/2026,659,1010262630,MVC DavaoTG,RKQ60CVA,outdoor,2.5HP,K008336
8010364652,02/20/2026,659,1010262630,MVC DavaoTG,RKQ60CVA,outdoor,2.5HP,K008340
8010365734,02/25/2026,661,1010263513,MVC DavaoTG,FTKE25AVA,indoor,1.0HP,K010481
8010365734,02/25/2026,661,1010263513,MVC DavaoTG,FTKE25AVA,indoor,1.0HP,K010487
8010365734,02/25/2026,661,1010263513,MVC DavaoTG,FTKE25AVA,indoor,1.0HP,K010496
8010365734,02/25/2026,661,1010263513,MVC DavaoTG,FTKE25AVA,indoor,1.0HP,K011804
8010365734,02/25/2026,661,1010263513,MVC DavaoTG,FTKE25AVA,indoor,1.0HP,K011808
8010365734,02/25/2026,661,1010263513,MVC DavaoTG,FTKE25AVA,indoor,1.0HP,K011812
8010365734,02/25/2026,661,1010263513,MVC DavaoTG,FTKE25AVA,indoor,1.0HP,K011870
8010365734,02/25/2026,661,1010263513,MVC DavaoTG,FTKE25AVA,indoor,1.0HP,K011875
8010365734,02/25/2026,661,1010263513,MVC DavaoTG,FTKE25AVA,indoor,1.0HP,K011876
8010365734,02/25/2026,661,1010263513,MVC DavaoTG,FTKE25AVA,indoor,1.0HP,K011889
8010365734,02/25/2026,661,1010263513,MVC DavaoTG,FTKE25AVA,indoor,1.0HP,K011890
8010365734,02/25/2026,661,1010263513,MVC DavaoTG,FTKE25AVA,indoor,1.0HP,K011902
8010365734,02/25/2026,661,1010263513,MVC DavaoTG,FTKE25AVA,indoor,1.0HP,K012520
8010365734,02/25/2026,661,1010263513,MVC DavaoTG,FTKE25AVA,indoor,1.0HP,K013027
8010365734,02/25/2026,661,1010263513,MVC DavaoTG,FTKE25AVA,indoor,1.0HP,K013128
8010365734,02/25/2026,661,1010263513,MVC DavaoTG,RKE25AVA,outdoor,1.0HP,K009694
8010365734,02/25/2026,661,1010263513,MVC DavaoTG,RKE25AVA,outdoor,1.0HP,K009699
8010365734,02/25/2026,661,1010263513,MVC DavaoTG,RKE25AVA,outdoor,1.0HP,K009702
8010365734,02/25/2026,661,1010263513,MVC DavaoTG,RKE25AVA,outdoor,1.0HP,K009703
8010365734,02/25/2026,661,1010263513,MVC DavaoTG,RKE25AVA,outdoor,1.0HP,K009711
8010365734,02/25/2026,661,1010263513,MVC DavaoTG,RKE25AVA,outdoor,1.0HP,K009715
8010365734,02/25/2026,661,1010263513,MVC DavaoTG,RKE25AVA,outdoor,1.0HP,K009718
8010365734,02/25/2026,661,1010263513,MVC DavaoTG,RKE25AVA,outdoor,1.0HP,K009726
8010365734,02/25/2026,661,1010263513,MVC DavaoTG,RKE25AVA,outdoor,1.0HP,K009757
8010365734,02/25/2026,661,1010263513,MVC DavaoTG,RKE25AVA,outdoor,1.0HP,K009763
8010365734,02/25/2026,661,1010263513,MVC DavaoTG,RKE25AVA,outdoor,1.0HP,K009765
8010365734,02/25/2026,661,1010263513,MVC DavaoTG,RKE25AVA,outdoor,1.0HP,K009784
8010365734,02/25/2026,661,1010263513,MVC DavaoTG,RKE25AVA,outdoor,1.0HP,K009928
8010365734,02/25/2026,661,1010263513,MVC DavaoTG,RKE25AVA,outdoor,1.0HP,K009929
8010365734,02/25/2026,661,1010263513,MVC DavaoTG,RKE25AVA,outdoor,1.0HP,K009930
8010365735,02/25/2026,658,1010263464,MVC DavaoTG,FHFC140AVM,indoor,6.0HP,E004430
8010365735,02/25/2026,658,1010263464,MVC DavaoTG,FHFC140AVM,indoor,6.0HP,E004432
8010365735,02/25/2026,658,1010263464,MVC DavaoTG,FHFC140AVM,indoor,6.0HP,E004433
8010365735,02/25/2026,658,1010263464,MVC DavaoTG,FHFC140AVM,indoor,6.0HP,E004613
8010365735,02/25/2026,658,1010263464,MVC DavaoTG,FHFC140AVM,indoor,6.0HP,E004614
8010365735,02/25/2026,658,1010263464,MVC DavaoTG,FHFC140AVM,indoor,6.0HP,E004615
8010365735,02/25/2026,658,1010263464,MVC DavaoTG,FHFC140AVM,indoor,6.0HP,E004616
8010365735,02/25/2026,658,1010263464,MVC DavaoTG,FHFC140AVM,indoor,6.0HP,E004618
8010365735,02/25/2026,658,1010263464,MVC DavaoTG,FHFC140AVM,indoor,6.0HP,E004619
8010365735,02/25/2026,658,1010263464,MVC DavaoTG,FHFC140AVM,indoor,6.0HP,E004620
8010365735,02/25/2026,658,1010263464,MVC DavaoTG,FHFC140AVM,indoor,6.0HP,E004621
8010365735,02/25/2026,658,1010263464,MVC DavaoTG,FHFC140AVM,indoor,6.0HP,E004628
8010365735,02/25/2026,658,1010263464,MVC DavaoTG,FHFC140AVM,indoor,6.0HP,E004629
8010365735,02/25/2026,658,1010263464,MVC DavaoTG,FHFC140AVM,indoor,6.0HP,E004630
8010365735,02/25/2026,658,1010263464,MVC DavaoTG,FHFC140AVM,indoor,6.0HP,E004710
8010365735,02/25/2026,658,1010263464,MVC DavaoTG,FHFC140AVM,indoor,6.0HP,E004711
8010365735,02/25/2026,658,1010263464,MVC DavaoTG,FHFC140AVM,indoor,6.0HP,E004712
8010365735,02/25/2026,658,1010263464,MVC DavaoTG,FHFC140AVM,indoor,6.0HP,E004713
8010365735,02/25/2026,658,1010263464,MVC DavaoTG,RZFC140BXVM,outdoor,6.0HP,K007665
8010365735,02/25/2026,658,1010263464,MVC DavaoTG,RZFC140BXVM,outdoor,6.0HP,K007666
8010365735,02/25/2026,658,1010263464,MVC DavaoTG,RZFC140BXVM,outdoor,6.0HP,K007771
8010365735,02/25/2026,658,1010263464,MVC DavaoTG,RZFC140BXVM,outdoor,6.0HP,K007772
8010365735,02/25/2026,658,1010263464,MVC DavaoTG,RZFC140BXVM,outdoor,6.0HP,K007773
8010365735,02/25/2026,658,1010263464,MVC DavaoTG,RZFC140BXVM,outdoor,6.0HP,K009144
8010365735,02/25/2026,658,1010263464,MVC DavaoTG,RZFC140BXVM,outdoor,6.0HP,K009145
8010365735,02/25/2026,658,1010263464,MVC DavaoTG,RZFC140BXVM,outdoor,6.0HP,K009311
8010365735,02/25/2026,658,1010263464,MVC DavaoTG,RZFC140BXVM,outdoor,6.0HP,K009312
8010365735,02/25/2026,658,1010263464,MVC DavaoTG,RZFC140BXVM,outdoor,6.0HP,K009314
8010365735,02/25/2026,658,1010263464,MVC DavaoTG,RZFC140BXVM,outdoor,6.0HP,K009407
8010365735,02/25/2026,658,1010263464,MVC DavaoTG,RZFC140BXVM,outdoor,6.0HP,K009408
8010365735,02/25/2026,658,1010263464,MVC DavaoTG,RZFC140BXVM,outdoor,6.0HP,K009409
8010365735,02/25/2026,658,1010263464,MVC DavaoTG,RZFC140BXVM,outdoor,6.0HP,K009410
8010365735,02/25/2026,658,1010263464,MVC DavaoTG,RZFC140BXVM,outdoor,6.0HP,K009423
8010365735,02/25/2026,658,1010263464,MVC DavaoTG,RZFC140BXVM,outdoor,6.0HP,K009424
8010365735,02/25/2026,658,1010263464,MVC DavaoTG,RZFC140BXVM,outdoor,6.0HP,K009425
8010365735,02/25/2026,658,1010263464,MVC DavaoTG,RZFC140BXVM,outdoor,6.0HP,K009426
8010366050,02/27/2026,664,1010263815,MVC DavaoTG,FTKE25AVA,indoor,1.0HP,K010532
8010366050,02/27/2026,664,1010263815,MVC DavaoTG,FTKE25AVA,indoor,1.0HP,K010547
8010366050,02/27/2026,664,1010263815,MVC DavaoTG,FTKE25AVA,indoor,1.0HP,K010554
8010366050,02/27/2026,664,1010263815,MVC DavaoTG,FTKE25AVA,indoor,1.0HP,K012518
8010366050,02/27/2026,664,1010263815,MVC DavaoTG,FTKE25AVA,indoor,1.0HP,K012523
8010366050,02/27/2026,664,1010263815,MVC DavaoTG,FTKE25AVA,indoor,1.0HP,K012527
8010366050,02/27/2026,664,1010263815,MVC DavaoTG,FTKE25AVA,indoor,1.0HP,K012528
8010366050,02/27/2026,664,1010263815,MVC DavaoTG,FTKE25AVA,indoor,1.0HP,K012533
8010366050,02/27/2026,664,1010263815,MVC DavaoTG,FTKE25AVA,indoor,1.0HP,K013234
8010366050,02/27/2026,664,1010263815,MVC DavaoTG,FTKE25AVA,indoor,1.0HP,K013241
8010366050,02/27/2026,664,1010263815,MVC DavaoTG,FTKE35AVA,indoor,1.5HP,K015214
8010366050,02/27/2026,664,1010263815,MVC DavaoTG,FTKE35AVA,indoor,1.5HP,K015216
8010366050,02/27/2026,664,1010263815,MVC DavaoTG,FTKE35AVA,indoor,1.5HP,K015602
8010366050,02/27/2026,664,1010263815,MVC DavaoTG,FTKE35AVA,indoor,1.5HP,K015642
8010366050,02/27/2026,664,1010263815,MVC DavaoTG,FTKE35AVA,indoor,1.5HP,K015694
8010366050,02/27/2026,664,1010263815,MVC DavaoTG,FTKE35AVA,indoor,1.5HP,K015695
8010366050,02/27/2026,664,1010263815,MVC DavaoTG,FTKE35AVA,indoor,1.5HP,K015703
8010366050,02/27/2026,664,1010263815,MVC DavaoTG,FTKE35AVA,indoor,1.5HP,K015727
8010366050,02/27/2026,664,1010263815,MVC DavaoTG,FTKE35AVA,indoor,1.5HP,K015738
8010366050,02/27/2026,664,1010263815,MVC DavaoTG,FTKE35AVA,indoor,1.5HP,K016241
8010366050,02/27/2026,664,1010263815,MVC DavaoTG,RKE25AVA,outdoor,1.0HP,K011437
8010366050,02/27/2026,664,1010263815,MVC DavaoTG,RKE25AVA,outdoor,1.0HP,K011553
8010366050,02/27/2026,664,1010263815,MVC DavaoTG,RKE25AVA,outdoor,1.0HP,K011561
8010366050,02/27/2026,664,1010263815,MVC DavaoTG,RKE25AVA,outdoor,1.0HP,K011563
8010366050,02/27/2026,664,1010263815,MVC DavaoTG,RKE25AVA,outdoor,1.0HP,K011578
8010366050,02/27/2026,664,1010263815,MVC DavaoTG,RKE25AVA,outdoor,1.0HP,K011580
8010366050,02/27/2026,664,1010263815,MVC DavaoTG,RKE25AVA,outdoor,1.0HP,K011589
8010366050,02/27/2026,664,1010263815,MVC DavaoTG,RKE25AVA,outdoor,1.0HP,K011774
8010366050,02/27/2026,664,1010263815,MVC DavaoTG,RKE25AVA,outdoor,1.0HP,K011780
8010366050,02/27/2026,664,1010263815,MVC DavaoTG,RKE25AVA,outdoor,1.0HP,K011790
8010366050,02/27/2026,664,1010263815,MVC DavaoTG,RKE35AVA,outdoor,1.5HP,K014061
8010366050,02/27/2026,664,1010263815,MVC DavaoTG,RKE35AVA,outdoor,1.5HP,K014077
8010366050,02/27/2026,664,1010263815,MVC DavaoTG,RKE35AVA,outdoor,1.5HP,K014081
8010366050,02/27/2026,664,1010263815,MVC DavaoTG,RKE35AVA,outdoor,1.5HP,K014212
8010366050,02/27/2026,664,1010263815,MVC DavaoTG,RKE35AVA,outdoor,1.5HP,K014216
8010366050,02/27/2026,664,1010263815,MVC DavaoTG,RKE35AVA,outdoor,1.5HP,K014221
8010366050,02/27/2026,664,1010263815,MVC DavaoTG,RKE35AVA,outdoor,1.5HP,K014223
8010366050,02/27/2026,664,1010263815,MVC DavaoTG,RKE35AVA,outdoor,1.5HP,K014224
8010366050,02/27/2026,664,1010263815,MVC DavaoTG,RKE35AVA,outdoor,1.5HP,K014225
8010366050,02/27/2026,664,1010263815,MVC DavaoTG,RKE35AVA,outdoor,1.5HP,K014227
8010366079,02/27/2026,665,1010263848,MVC CDOTG,FVFC71BXVA,indoor,3.0HP,K001058
8010366079,02/27/2026,665,1010263848,MVC CDOTG,FVFC71BXVA,indoor,3.0HP,K001060
8010366079,02/27/2026,665,1010263848,MVC CDOTG,RZFC71BXVM,outdoor,3.0HP,K002436
8010366079,02/27/2026,665,1010263848,MVC CDOTG,RZFC71BXVM,outdoor,3.0HP,K002505
8010366139,02/28/2026,663,1010263823,MVC DavaoTG,FTKE25AVA,indoor,1.0HP,K010533
8010366139,02/28/2026,663,1010263823,MVC DavaoTG,FTKE25AVA,indoor,1.0HP,K010539
8010366139,02/28/2026,663,1010263823,MVC DavaoTG,FTKE25AVA,indoor,1.0HP,K010550
8010366139,02/28/2026,663,1010263823,MVC DavaoTG,FTKE25AVA,indoor,1.0HP,K010552
8010366139,02/28/2026,663,1010263823,MVC DavaoTG,FTKE25AVA,indoor,1.0HP,K011885
8010366139,02/28/2026,663,1010263823,MVC DavaoTG,FTKE35AVA,indoor,1.5HP,K015599
8010366139,02/28/2026,663,1010263823,MVC DavaoTG,FTKE35AVA,indoor,1.5HP,K015629
8010366139,02/28/2026,663,1010263823,MVC DavaoTG,FTKE35AVA,indoor,1.5HP,K015688
8010366139,02/28/2026,663,1010263823,MVC DavaoTG,FTKE35AVA,indoor,1.5HP,K015702
8010366139,02/28/2026,663,1010263823,MVC DavaoTG,FTKE35AVA,indoor,1.5HP,K015704
8010366139,02/28/2026,663,1010263823,MVC DavaoTG,FTKE35AVA,indoor,1.5HP,K015706
8010366139,02/28/2026,663,1010263823,MVC DavaoTG,FTKE35AVA,indoor,1.5HP,K015709
8010366139,02/28/2026,663,1010263823,MVC DavaoTG,FTKE35AVA,indoor,1.5HP,K015713
8010366139,02/28/2026,663,1010263823,MVC DavaoTG,FTKE35AVA,indoor,1.5HP,K016240
8010366139,02/28/2026,663,1010263823,MVC DavaoTG,FTKE35AVA,indoor,1.5HP,K016244
8010366139,02/28/2026,663,1010263823,MVC DavaoTG,FTKQ20BVA,indoor,0.8HP,K011012
8010366139,02/28/2026,663,1010263823,MVC DavaoTG,FTKQ20BVA,indoor,0.8HP,K011061
8010366139,02/28/2026,663,1010263823,MVC DavaoTG,FTKQ20BVA,indoor,0.8HP,K011074
8010366139,02/28/2026,663,1010263823,MVC DavaoTG,FTKQ20BVA,indoor,0.8HP,K011075
8010366139,02/28/2026,663,1010263823,MVC DavaoTG,FTKQ20BVA,indoor,0.8HP,K011077
8010366139,02/28/2026,663,1010263823,MVC DavaoTG,FTKQ20BVA,indoor,0.8HP,K011078
8010366139,02/28/2026,663,1010263823,MVC DavaoTG,FTKQ20BVA,indoor,0.8HP,K011080
8010366139,02/28/2026,663,1010263823,MVC DavaoTG,FTKQ20BVA,indoor,0.8HP,K011084
8010366139,02/28/2026,663,1010263823,MVC DavaoTG,FTKQ20BVA,indoor,0.8HP,K011085
8010366139,02/28/2026,663,1010263823,MVC DavaoTG,FTKQ20BVA,indoor,0.8HP,K011089
8010366139,02/28/2026,663,1010263823,MVC DavaoTG,FTKQ20BVA,indoor,0.8HP,K011092
8010366139,02/28/2026,663,1010263823,MVC DavaoTG,FTKQ20BVA,indoor,0.8HP,K011094
8010366139,02/28/2026,663,1010263823,MVC DavaoTG,FTKQ20BVA,indoor,0.8HP,K011095
8010366139,02/28/2026,663,1010263823,MVC DavaoTG,FTKQ20BVA,indoor,0.8HP,K011101
8010366139,02/28/2026,663,1010263823,MVC DavaoTG,FTKQ20BVA,indoor,0.8HP,K011108
8010366139,02/28/2026,663,1010263823,MVC DavaoTG,FTKQ20BVA,indoor,0.8HP,K011116
8010366139,02/28/2026,663,1010263823,MVC DavaoTG,FTKQ20BVA,indoor,0.8HP,K011118
8010366139,02/28/2026,663,1010263823,MVC DavaoTG,FTKQ20BVA,indoor,0.8HP,K011120
8010366139,02/28/2026,663,1010263823,MVC DavaoTG,FTKQ20BVA,indoor,0.8HP,K011126
8010366139,02/28/2026,663,1010263823,MVC DavaoTG,FTKQ20BVA,indoor,0.8HP,K011128
8010366139,02/28/2026,663,1010263823,MVC DavaoTG,FTKQ20BVA,indoor,0.8HP,K011129
8010366139,02/28/2026,663,1010263823,MVC DavaoTG,FTKQ20BVA,indoor,0.8HP,K011130
8010366139,02/28/2026,663,1010263823,MVC DavaoTG,FTKQ20BVA,indoor,0.8HP,K011131
8010366139,02/28/2026,663,1010263823,MVC DavaoTG,FTKQ20BVA,indoor,0.8HP,K011133
8010366139,02/28/2026,663,1010263823,MVC DavaoTG,FTKQ20BVA,indoor,0.8HP,K011136
8010366139,02/28/2026,663,1010263823,MVC DavaoTG,RKE25AVA,outdoor,1.0HP,K010029
8010366139,02/28/2026,663,1010263823,MVC DavaoTG,RKE25AVA,outdoor,1.0HP,K011555
8010366139,02/28/2026,663,1010263823,MVC DavaoTG,RKE25AVA,outdoor,1.0HP,K011570
8010366139,02/28/2026,663,1010263823,MVC DavaoTG,RKE25AVA,outdoor,1.0HP,K011787
8010366139,02/28/2026,663,1010263823,MVC DavaoTG,RKE25AVA,outdoor,1.0HP,K011788
8010366139,02/28/2026,663,1010263823,MVC DavaoTG,RKE35AVA,outdoor,1.5HP,K013902
8010366139,02/28/2026,663,1010263823,MVC DavaoTG,RKE35AVA,outdoor,1.5HP,K013905
8010366139,02/28/2026,663,1010263823,MVC DavaoTG,RKE35AVA,outdoor,1.5HP,K013907
8010366139,02/28/2026,663,1010263823,MVC DavaoTG,RKE35AVA,outdoor,1.5HP,K014029
8010366139,02/28/2026,663,1010263823,MVC DavaoTG,RKE35AVA,outdoor,1.5HP,K014034
8010366139,02/28/2026,663,1010263823,MVC DavaoTG,RKE35AVA,outdoor,1.5HP,K014038
8010366139,02/28/2026,663,1010263823,MVC DavaoTG,RKE35AVA,outdoor,1.5HP,K014070
8010366139,02/28/2026,663,1010263823,MVC DavaoTG,RKE35AVA,outdoor,1.5HP,K014073
8010366139,02/28/2026,663,1010263823,MVC DavaoTG,RKE35AVA,outdoor,1.5HP,K014075
8010366139,02/28/2026,663,1010263823,MVC DavaoTG,RKE35AVA,outdoor,1.5HP,K014214
8010366139,02/28/2026,663,1010263823,MVC DavaoTG,RKQ20BVA,outdoor,0.8HP,K010921
8010366139,02/28/2026,663,1010263823,MVC DavaoTG,RKQ20BVA,outdoor,0.8HP,K010931
8010366139,02/28/2026,663,1010263823,MVC DavaoTG,RKQ20BVA,outdoor,0.8HP,K010933
8010366139,02/28/2026,663,1010263823,MVC DavaoTG,RKQ20BVA,outdoor,0.8HP,K010957
8010366139,02/28/2026,663,1010263823,MVC DavaoTG,RKQ20BVA,outdoor,0.8HP,K010962
8010366139,02/28/2026,663,1010263823,MVC DavaoTG,RKQ20BVA,outdoor,0.8HP,K010964
8010366139,02/28/2026,663,1010263823,MVC DavaoTG,RKQ20BVA,outdoor,0.8HP,K010973
8010366139,02/28/2026,663,1010263823,MVC DavaoTG,RKQ20BVA,outdoor,0.8HP,K010974
8010366139,02/28/2026,663,1010263823,MVC DavaoTG,RKQ20BVA,outdoor,0.8HP,K011007
8010366139,02/28/2026,663,1010263823,MVC DavaoTG,RKQ20BVA,outdoor,0.8HP,K011009
8010366139,02/28/2026,663,1010263823,MVC DavaoTG,RKQ20BVA,outdoor,0.8HP,K011020
8010366139,02/28/2026,663,1010263823,MVC DavaoTG,RKQ20BVA,outdoor,0.8HP,K011027
8010366139,02/28/2026,663,1010263823,MVC DavaoTG,RKQ20BVA,outdoor,0.8HP,K011043
8010366139,02/28/2026,663,1010263823,MVC DavaoTG,RKQ20BVA,outdoor,0.8HP,K011044
8010366139,02/28/2026,663,1010263823,MVC DavaoTG,RKQ20BVA,outdoor,0.8HP,K011046
8010366139,02/28/2026,663,1010263823,MVC DavaoTG,RKQ20BVA,outdoor,0.8HP,K011047
8010366139,02/28/2026,663,1010263823,MVC DavaoTG,RKQ20BVA,outdoor,0.8HP,K011048
8010366139,02/28/2026,663,1010263823,MVC DavaoTG,RKQ20BVA,outdoor,0.8HP,K011049
8010366139,02/28/2026,663,1010263823,MVC DavaoTG,RKQ20BVA,outdoor,0.8HP,K011050
8010366139,02/28/2026,663,1010263823,MVC DavaoTG,RKQ20BVA,outdoor,0.8HP,K011051
8010366139,02/28/2026,663,1010263823,MVC DavaoTG,RKQ20BVA,outdoor,0.8HP,K011055
8010366139,02/28/2026,663,1010263823,MVC DavaoTG,RKQ20BVA,outdoor,0.8HP,K011056
8010366139,02/28/2026,663,1010263823,MVC DavaoTG,RKQ20BVA,outdoor,0.8HP,K011058
8010366139,02/28/2026,663,1010263823,MVC DavaoTG,RKQ20BVA,outdoor,0.8HP,K011059
8010366139,02/28/2026,663,1010263823,MVC DavaoTG,RKQ20BVA,outdoor,0.8HP,K011097
8010368027,03/06/2026,660,1010265183,MVC DavaoTG,FHFC140AVM,indoor,6.0HP,E004356
8010368027,03/06/2026,660,1010265183,MVC DavaoTG,FHFC140AVM,indoor,6.0HP,E004357
8010368027,03/06/2026,660,1010265183,MVC DavaoTG,FHFC140AVM,indoor,6.0HP,E004431
8010368027,03/06/2026,660,1010265183,MVC DavaoTG,FHFC140AVM,indoor,6.0HP,E004510
8010368027,03/06/2026,660,1010265183,MVC DavaoTG,FHFC140AVM,indoor,6.0HP,E004511
8010368027,03/06/2026,660,1010265183,MVC DavaoTG,FHFC140AVM,indoor,6.0HP,E004512
8010368027,03/06/2026,660,1010265183,MVC DavaoTG,RZFC140BXVM,outdoor,6.0HP,K010071
8010368027,03/06/2026,660,1010265183,MVC DavaoTG,RZFC140BXVM,outdoor,6.0HP,K010072
8010368027,03/06/2026,660,1010265183,MVC DavaoTG,RZFC140BXVM,outdoor,6.0HP,K010086
8010368027,03/06/2026,660,1010265183,MVC DavaoTG,RZFC140BXVM,outdoor,6.0HP,K010146
8010368027,03/06/2026,660,1010265183,MVC DavaoTG,RZFC140BXVM,outdoor,6.0HP,K010147
8010368027,03/06/2026,660,1010265183,MVC DavaoTG,RZFC140BXVM,outdoor,6.0HP,K010321
8010369329,03/12/2026,669,1010266139,MVC DavaoTG,FTKQ71CVAF,indoor,3.0HP,K005297
8010369329,03/12/2026,669,1010266139,MVC DavaoTG,FTKQ71CVAF,indoor,3.0HP,K005298
8010369329,03/12/2026,669,1010266139,MVC DavaoTG,FTKQ71CVAF,indoor,3.0HP,K005305
8010369329,03/12/2026,669,1010266139,MVC DavaoTG,FTKQ71CVAF,indoor,3.0HP,K005306
8010369329,03/12/2026,669,1010266139,MVC DavaoTG,FTKQ71CVAF,indoor,3.0HP,K005308
8010369329,03/12/2026,669,1010266139,MVC DavaoTG,RKQ71CVA,outdoor,3.0HP,K003175
8010369329,03/12/2026,669,1010266139,MVC DavaoTG,RKQ71CVA,outdoor,3.0HP,K003180
8010369329,03/12/2026,669,1010266139,MVC DavaoTG,RKQ71CVA,outdoor,3.0HP,K003545
8010369329,03/12/2026,669,1010266139,MVC DavaoTG,RKQ71CVA,outdoor,3.0HP,K004358
8010369329,03/12/2026,669,1010266139,MVC DavaoTG,RKQ71CVA,outdoor,3.0HP,K004554
8010370977,03/19/2026,672,1010266996,MVC DavaoTG,FTKF50GVAF,indoor,2.0HP,K001488
8010370977,03/19/2026,672,1010266996,MVC DavaoTG,FTKF50GVAF,indoor,2.0HP,K002424
8010370977,03/19/2026,672,1010266996,MVC DavaoTG,FTKF50GVAF,indoor,2.0HP,K002431
8010370977,03/19/2026,672,1010266996,MVC DavaoTG,FTKF50GVAF,indoor,2.0HP,K002437
8010370977,03/19/2026,672,1010266996,MVC DavaoTG,FTKF50GVAF,indoor,2.0HP,K002445
8010370977,03/19/2026,672,1010266996,MVC DavaoTG,FTKF50GVAF,indoor,2.0HP,K002447
8010370977,03/19/2026,672,1010266996,MVC DavaoTG,FTKF60GVAF,indoor,2.5HP,K003645
8010370977,03/19/2026,672,1010266996,MVC DavaoTG,FTKF60GVAF,indoor,2.5HP,K003647
8010370977,03/19/2026,672,1010266996,MVC DavaoTG,FTKF60GVAF,indoor,2.5HP,K003648
8010370977,03/19/2026,672,1010266996,MVC DavaoTG,FTKF60GVAF,indoor,2.5HP,K003649
8010370977,03/19/2026,672,1010266996,MVC DavaoTG,FTKF60GVAF,indoor,2.5HP,K003861
8010370977,03/19/2026,672,1010266996,MVC DavaoTG,FTKF60GVAF,indoor,2.5HP,K003863
8010370977,03/19/2026,672,1010266996,MVC DavaoTG,FTKF60GVAF,indoor,2.5HP,K003871
8010370977,03/19/2026,672,1010266996,MVC DavaoTG,FTKF60GVAF,indoor,2.5HP,K003872
8010370977,03/19/2026,672,1010266996,MVC DavaoTG,FTKF60GVAF,indoor,2.5HP,K003908
8010370977,03/19/2026,672,1010266996,MVC DavaoTG,FTKF60GVAF,indoor,2.5HP,K003909
8010370977,03/19/2026,672,1010266996,MVC DavaoTG,FTKF60GVAF,indoor,2.5HP,K003910
8010370977,03/19/2026,672,1010266996,MVC DavaoTG,FTKF60GVAF,indoor,2.5HP,K003915
8010370977,03/19/2026,672,1010266996,MVC DavaoTG,FTKF60GVAF,indoor,2.5HP,K003918
8010370977,03/19/2026,672,1010266996,MVC DavaoTG,FTKF60GVAF,indoor,2.5HP,K003919
8010370977,03/19/2026,672,1010266996,MVC DavaoTG,FTKF60GVAF,indoor,2.5HP,K003920
8010370977,03/19/2026,672,1010266996,MVC DavaoTG,FTKF60GVAF,indoor,2.5HP,K003921
8010370977,03/19/2026,672,1010266996,MVC DavaoTG,FTKF60GVAF,indoor,2.5HP,K004189
8010370977,03/19/2026,672,1010266996,MVC DavaoTG,FTKF60GVAF,indoor,2.5HP,K004333
8010370977,03/19/2026,672,1010266996,MVC DavaoTG,FTKF60GVAF,indoor,2.5HP,K004334
8010370977,03/19/2026,672,1010266996,MVC DavaoTG,FTKF60GVAF,indoor,2.5HP,K004335
8010370977,03/19/2026,672,1010266996,MVC DavaoTG,FTKF60GVAF,indoor,2.5HP,K004341
8010370977,03/19/2026,672,1010266996,MVC DavaoTG,FTKF60GVAF,indoor,2.5HP,K004342
8010370977,03/19/2026,672,1010266996,MVC DavaoTG,FTKF60GVAF,indoor,2.5HP,K004343
8010370977,03/19/2026,672,1010266996,MVC DavaoTG,FTKF60GVAF,indoor,2.5HP,K004345
8010370977,03/19/2026,672,1010266996,MVC DavaoTG,FTKF60GVAF,indoor,2.5HP,K004346
8010370977,03/19/2026,672,1010266996,MVC DavaoTG,FTKF60GVAF,indoor,2.5HP,K004402
8010370977,03/19/2026,672,1010266996,MVC DavaoTG,FTKF60GVAF,indoor,2.5HP,K004404
8010370977,03/19/2026,672,1010266996,MVC DavaoTG,FTKF60GVAF,indoor,2.5HP,K004642
8010370977,03/19/2026,672,1010266996,MVC DavaoTG,FTKF60GVAF,indoor,2.5HP,K005027
8010370977,03/19/2026,672,1010266996,MVC DavaoTG,FTKF60GVAF,indoor,2.5HP,K005028
8010370977,03/19/2026,672,1010266996,MVC DavaoTG,FTKF60GVAF,indoor,2.5HP,K005029
8010370977,03/19/2026,672,1010266996,MVC DavaoTG,FTKF60GVAF,indoor,2.5HP,K005030
8010370977,03/19/2026,672,1010266996,MVC DavaoTG,FTKF60GVAF,indoor,2.5HP,K005031
8010370977,03/19/2026,672,1010266996,MVC DavaoTG,FTKF60GVAF,indoor,2.5HP,K005032
8010370977,03/19/2026,672,1010266996,MVC DavaoTG,FTKF60GVAF,indoor,2.5HP,K005034
8010370977,03/19/2026,672,1010266996,MVC DavaoTG,FTKF60GVAF,indoor,2.5HP,K005035
8010370977,03/19/2026,672,1010266996,MVC DavaoTG,FTKF60GVAF,indoor,2.5HP,K005036
8010370977,03/19/2026,672,1010266996,MVC DavaoTG,FTKF60GVAF,indoor,2.5HP,K005038
8010370977,03/19/2026,672,1010266996,MVC DavaoTG,FTKF60GVAF,indoor,2.5HP,K005039
8010370977,03/19/2026,672,1010266996,MVC DavaoTG,FTKF60GVAF,indoor,2.5HP,K005040
8010370977,03/19/2026,672,1010266996,MVC DavaoTG,FTKF60GVAF,indoor,2.5HP,K005091
8010370977,03/19/2026,672,1010266996,MVC DavaoTG,FTKF60GVAF,indoor,2.5HP,K005092
8010370977,03/19/2026,672,1010266996,MVC DavaoTG,FTKF60GVAF,indoor,2.5HP,K005093
8010370977,03/19/2026,672,1010266996,MVC DavaoTG,FTKF60GVAF,indoor,2.5HP,K005606
8010370977,03/19/2026,672,1010266996,MVC DavaoTG,FTKF60GVAF,indoor,2.5HP,K005607
8010370977,03/19/2026,672,1010266996,MVC DavaoTG,FTKF60GVAF,indoor,2.5HP,K005608
8010370977,03/19/2026,672,1010266996,MVC DavaoTG,FTKF60GVAF,indoor,2.5HP,K005609
8010370977,03/19/2026,672,1010266996,MVC DavaoTG,FTKF60GVAF,indoor,2.5HP,K005610
8010370977,03/19/2026,672,1010266996,MVC DavaoTG,FTKF60GVAF,indoor,2.5HP,K005613
8010370977,03/19/2026,672,1010266996,MVC DavaoTG,FTKF60GVAF,indoor,2.5HP,K005614
8010370977,03/19/2026,672,1010266996,MVC DavaoTG,FTKF60GVAF,indoor,2.5HP,K005615
8010370977,03/19/2026,672,1010266996,MVC DavaoTG,FTKF60GVAF,indoor,2.5HP,K005616
8010370977,03/19/2026,672,1010266996,MVC DavaoTG,FTKF60GVAF,indoor,2.5HP,K005619
8010370977,03/19/2026,672,1010266996,MVC DavaoTG,FTKF60GVAF,indoor,2.5HP,K005629
8010370977,03/19/2026,672,1010266996,MVC DavaoTG,FTKF60GVAF,indoor,2.5HP,K005656
8010370977,03/19/2026,672,1010266996,MVC DavaoTG,FTKF60GVAF,indoor,2.5HP,K005661
8010370977,03/19/2026,672,1010266996,MVC DavaoTG,FTKF60GVAF,indoor,2.5HP,K005663
8010370977,03/19/2026,672,1010266996,MVC DavaoTG,FTKF60GVAF,indoor,2.5HP,K005664
8010370977,03/19/2026,672,1010266996,MVC DavaoTG,FTKF60GVAF,indoor,2.5HP,K005666
8010370977,03/19/2026,672,1010266996,MVC DavaoTG,FTKF60GVAF,indoor,2.5HP,K005668
8010370977,03/19/2026,672,1010266996,MVC DavaoTG,FTKF60GVAF,indoor,2.5HP,K005671
8010370977,03/19/2026,672,1010266996,MVC DavaoTG,FTKF60GVAF,indoor,2.5HP,K005672
8010370977,03/19/2026,672,1010266996,MVC DavaoTG,FTKF60GVAF,indoor,2.5HP,K005673
8010370977,03/19/2026,672,1010266996,MVC DavaoTG,FTKF60GVAF,indoor,2.5HP,K005674
8010370977,03/19/2026,672,1010266996,MVC DavaoTG,FTKF60GVAF,indoor,2.5HP,K005675
8010370977,03/19/2026,672,1010266996,MVC DavaoTG,FTKF60GVAF,indoor,2.5HP,K005676
8010370977,03/19/2026,672,1010266996,MVC DavaoTG,FTKF60GVAF,indoor,2.5HP,K005678
8010370977,03/19/2026,672,1010266996,MVC DavaoTG,FTKF60GVAF,indoor,2.5HP,K005679
8010370977,03/19/2026,672,1010266996,MVC DavaoTG,FTKF60GVAF,indoor,2.5HP,K005680
8010370977,03/19/2026,672,1010266996,MVC DavaoTG,FTKF60GVAF,indoor,2.5HP,K005681
8010370977,03/19/2026,672,1010266996,MVC DavaoTG,FTKF60GVAF,indoor,2.5HP,K005682
8010370977,03/19/2026,672,1010266996,MVC DavaoTG,FTKF60GVAF,indoor,2.5HP,K005683
8010370977,03/19/2026,672,1010266996,MVC DavaoTG,FTKF60GVAF,indoor,2.5HP,K005684
8010370977,03/19/2026,672,1010266996,MVC DavaoTG,FTKF60GVAF,indoor,2.5HP,K005685
8010370977,03/19/2026,672,1010266996,MVC DavaoTG,FTKF60GVAF,indoor,2.5HP,K005686
8010370977,03/19/2026,672,1010266996,MVC DavaoTG,FTKF60GVAF,indoor,2.5HP,K005738
8010370977,03/19/2026,672,1010266996,MVC DavaoTG,FTKF60GVAF,indoor,2.5HP,K005745
8010370977,03/19/2026,672,1010266996,MVC DavaoTG,FTKF60GVAF,indoor,2.5HP,K005752
8010370977,03/19/2026,672,1010266996,MVC DavaoTG,FTKF60GVAF,indoor,2.5HP,K005753
8010370977,03/19/2026,672,1010266996,MVC DavaoTG,FTKF60GVAF,indoor,2.5HP,K005754
8010370977,03/19/2026,672,1010266996,MVC DavaoTG,FTKF60GVAF,indoor,2.5HP,K005755
8010370977,03/19/2026,672,1010266996,MVC DavaoTG,FTKF60GVAF,indoor,2.5HP,K005757
8010370977,03/19/2026,672,1010266996,MVC DavaoTG,FTKF60GVAF,indoor,2.5HP,K005758
8010370977,03/19/2026,672,1010266996,MVC DavaoTG,FTKF60GVAF,indoor,2.5HP,K005759
8010370977,03/19/2026,672,1010266996,MVC DavaoTG,FTKF60GVAF,indoor,2.5HP,K005760
8010370977,03/19/2026,672,1010266996,MVC DavaoTG,FTKF60GVAF,indoor,2.5HP,K005761
8010370977,03/19/2026,672,1010266996,MVC DavaoTG,FTKF60GVAF,indoor,2.5HP,K005763
8010370977,03/19/2026,672,1010266996,MVC DavaoTG,FTKF60GVAF,indoor,2.5HP,K005764
8010370977,03/19/2026,672,1010266996,MVC DavaoTG,FTKF60GVAF,indoor,2.5HP,K005766
8010370977,03/19/2026,672,1010266996,MVC DavaoTG,FTKF60GVAF,indoor,2.5HP,K005923
8010370977,03/19/2026,672,1010266996,MVC DavaoTG,FTKF60GVAF,indoor,2.5HP,K005960
8010370977,03/19/2026,672,1010266996,MVC DavaoTG,FTKF60GVAF,indoor,2.5HP,K005961
8010370977,03/19/2026,672,1010266996,MVC DavaoTG,FTKF60GVAF,indoor,2.5HP,K005962
8010370977,03/19/2026,672,1010266996,MVC DavaoTG,FTKF60GVAF,indoor,2.5HP,K005963
8010370977,03/19/2026,672,1010266996,MVC DavaoTG,FTKF60GVAF,indoor,2.5HP,K005964
8010370977,03/19/2026,672,1010266996,MVC DavaoTG,FTKF60GVAF,indoor,2.5HP,K006204
8010370977,03/19/2026,672,1010266996,MVC DavaoTG,FTKF60GVAF,indoor,2.5HP,K006205
8010370977,03/19/2026,672,1010266996,MVC DavaoTG,FTKF60GVAF,indoor,2.5HP,K006507
8010370977,03/19/2026,672,1010266996,MVC DavaoTG,FTKF60GVAF,indoor,2.5HP,K006510
8010370977,03/19/2026,672,1010266996,MVC DavaoTG,FTKF60GVAF,indoor,2.5HP,K006511
8010370977,03/19/2026,672,1010266996,MVC DavaoTG,FTKF60GVAF,indoor,2.5HP,K006532
8010370977,03/19/2026,672,1010266996,MVC DavaoTG,FTKF60GVAF,indoor,2.5HP,K006533
8010370977,03/19/2026,672,1010266996,MVC DavaoTG,FTKF60GVAF,indoor,2.5HP,K006535
8010370977,03/19/2026,672,1010266996,MVC DavaoTG,FTKF60GVAF,indoor,2.5HP,K006536
8010370977,03/19/2026,672,1010266996,MVC DavaoTG,FTKF60GVAF,indoor,2.5HP,K006537
8010370977,03/19/2026,672,1010266996,MVC DavaoTG,FTKF60GVAF,indoor,2.5HP,K006539
8010370977,03/19/2026,672,1010266996,MVC DavaoTG,FVFC100BXVA,indoor,4.0HP,K005096
8010370977,03/19/2026,672,1010266996,MVC DavaoTG,RKF50GVA,outdoor,2.0HP,K001302
8010370977,03/19/2026,672,1010266996,MVC DavaoTG,RKF50GVA,outdoor,2.0HP,K001375
8010370977,03/19/2026,672,1010266996,MVC DavaoTG,RKF50GVA,outdoor,2.0HP,K001376
8010370977,03/19/2026,672,1010266996,MVC DavaoTG,RKF50GVA,outdoor,2.0HP,K001784
8010370977,03/19/2026,672,1010266996,MVC DavaoTG,RKF50GVA,outdoor,2.0HP,K002364
8010370977,03/19/2026,672,1010266996,MVC DavaoTG,RKF50GVA,outdoor,2.0HP,K002369
8010370977,03/19/2026,672,1010266996,MVC DavaoTG,RKF60GVA,outdoor,2.5HP,K003446
8010370977,03/19/2026,672,1010266996,MVC DavaoTG,RKF60GVA,outdoor,2.5HP,K003448
8010370977,03/19/2026,672,1010266996,MVC DavaoTG,RKF60GVA,outdoor,2.5HP,K003452
8010370977,03/19/2026,672,1010266996,MVC DavaoTG,RKF60GVA,outdoor,2.5HP,K003989
8010370977,03/19/2026,672,1010266996,MVC DavaoTG,RKF60GVA,outdoor,2.5HP,K003990
8010370977,03/19/2026,672,1010266996,MVC DavaoTG,RKF60GVA,outdoor,2.5HP,K003991
8010370977,03/19/2026,672,1010266996,MVC DavaoTG,RKF60GVA,outdoor,2.5HP,K004005
8010370977,03/19/2026,672,1010266996,MVC DavaoTG,RKF60GVA,outdoor,2.5HP,K004006
8010370977,03/19/2026,672,1010266996,MVC DavaoTG,RKF60GVA,outdoor,2.5HP,K004007
8010370977,03/19/2026,672,1010266996,MVC DavaoTG,RKF60GVA,outdoor,2.5HP,K004008
8010370977,03/19/2026,672,1010266996,MVC DavaoTG,RKF60GVA,outdoor,2.5HP,K004009
8010370977,03/19/2026,672,1010266996,MVC DavaoTG,RKF60GVA,outdoor,2.5HP,K004010
8010370977,03/19/2026,672,1010266996,MVC DavaoTG,RKF60GVA,outdoor,2.5HP,K004011
8010370977,03/19/2026,672,1010266996,MVC DavaoTG,RKF60GVA,outdoor,2.5HP,K004012
8010370977,03/19/2026,672,1010266996,MVC DavaoTG,RKF60GVA,outdoor,2.5HP,K004022
8010370977,03/19/2026,672,1010266996,MVC DavaoTG,RKF60GVA,outdoor,2.5HP,K004024
8010370977,03/19/2026,672,1010266996,MVC DavaoTG,RKF60GVA,outdoor,2.5HP,K004026
8010370977,03/19/2026,672,1010266996,MVC DavaoTG,RKF60GVA,outdoor,2.5HP,K004028
8010370977,03/19/2026,672,1010266996,MVC DavaoTG,RKF60GVA,outdoor,2.5HP,K004901
8010370977,03/19/2026,672,1010266996,MVC DavaoTG,RKF60GVA,outdoor,2.5HP,K004903
8010370977,03/19/2026,672,1010266996,MVC DavaoTG,RKF60GVA,outdoor,2.5HP,K004904
8010370977,03/19/2026,672,1010266996,MVC DavaoTG,RKF60GVA,outdoor,2.5HP,K004905
8010370977,03/19/2026,672,1010266996,MVC DavaoTG,RKF60GVA,outdoor,2.5HP,K004909
8010370977,03/19/2026,672,1010266996,MVC DavaoTG,RKF60GVA,outdoor,2.5HP,K005014
8010370977,03/19/2026,672,1010266996,MVC DavaoTG,RKF60GVA,outdoor,2.5HP,K005015
8010370977,03/19/2026,672,1010266996,MVC DavaoTG,RKF60GVA,outdoor,2.5HP,K005016
8010370977,03/19/2026,672,1010266996,MVC DavaoTG,RKF60GVA,outdoor,2.5HP,K005017
8010370977,03/19/2026,672,1010266996,MVC DavaoTG,RKF60GVA,outdoor,2.5HP,K005019
8010370977,03/19/2026,672,1010266996,MVC DavaoTG,RKF60GVA,outdoor,2.5HP,K005020
8010370977,03/19/2026,672,1010266996,MVC DavaoTG,RKF60GVA,outdoor,2.5HP,K005021
8010370977,03/19/2026,672,1010266996,MVC DavaoTG,RKF60GVA,outdoor,2.5HP,K005062
8010370977,03/19/2026,672,1010266996,MVC DavaoTG,RKF60GVA,outdoor,2.5HP,K005064
8010370977,03/19/2026,672,1010266996,MVC DavaoTG,RKF60GVA,outdoor,2.5HP,K005066
8010370977,03/19/2026,672,1010266996,MVC DavaoTG,RKF60GVA,outdoor,2.5HP,K005067
8010370977,03/19/2026,672,1010266996,MVC DavaoTG,RKF60GVA,outdoor,2.5HP,K005068
8010370977,03/19/2026,672,1010266996,MVC DavaoTG,RKF60GVA,outdoor,2.5HP,K005069
8010370977,03/19/2026,672,1010266996,MVC DavaoTG,RKF60GVA,outdoor,2.5HP,K005385
8010370977,03/19/2026,672,1010266996,MVC DavaoTG,RKF60GVA,outdoor,2.5HP,K005386
8010370977,03/19/2026,672,1010266996,MVC DavaoTG,RKF60GVA,outdoor,2.5HP,K005387
8010370977,03/19/2026,672,1010266996,MVC DavaoTG,RKF60GVA,outdoor,2.5HP,K005388
8010370977,03/19/2026,672,1010266996,MVC DavaoTG,RKF60GVA,outdoor,2.5HP,K005389
8010370977,03/19/2026,672,1010266996,MVC DavaoTG,RKF60GVA,outdoor,2.5HP,K005390
8010370977,03/19/2026,672,1010266996,MVC DavaoTG,RKF60GVA,outdoor,2.5HP,K005391
8010370977,03/19/2026,672,1010266996,MVC DavaoTG,RKF60GVA,outdoor,2.5HP,K005392
8010370977,03/19/2026,672,1010266996,MVC DavaoTG,RKF60GVA,outdoor,2.5HP,K005432
8010370977,03/19/2026,672,1010266996,MVC DavaoTG,RKF60GVA,outdoor,2.5HP,K005599
8010370977,03/19/2026,672,1010266996,MVC DavaoTG,RKF60GVA,outdoor,2.5HP,K005600
8010370977,03/19/2026,672,1010266996,MVC DavaoTG,RKF60GVA,outdoor,2.5HP,K005602
8010370977,03/19/2026,672,1010266996,MVC DavaoTG,RKF60GVA,outdoor,2.5HP,K005652
8010370977,03/19/2026,672,1010266996,MVC DavaoTG,RKF60GVA,outdoor,2.5HP,K005780
8010370977,03/19/2026,672,1010266996,MVC DavaoTG,RKF60GVA,outdoor,2.5HP,K005781
8010370977,03/19/2026,672,1010266996,MVC DavaoTG,RKF60GVA,outdoor,2.5HP,K005782
8010370977,03/19/2026,672,1010266996,MVC DavaoTG,RKF60GVA,outdoor,2.5HP,K005783
8010370977,03/19/2026,672,1010266996,MVC DavaoTG,RKF60GVA,outdoor,2.5HP,K005784
8010370977,03/19/2026,672,1010266996,MVC DavaoTG,RKF60GVA,outdoor,2.5HP,K005798
8010370977,03/19/2026,672,1010266996,MVC DavaoTG,RKF60GVA,outdoor,2.5HP,K005799
8010370977,03/19/2026,672,1010266996,MVC DavaoTG,RKF60GVA,outdoor,2.5HP,K005800
8010370977,03/19/2026,672,1010266996,MVC DavaoTG,RKF60GVA,outdoor,2.5HP,K005801
8010370977,03/19/2026,672,1010266996,MVC DavaoTG,RKF60GVA,outdoor,2.5HP,K005802
8010370977,03/19/2026,672,1010266996,MVC DavaoTG,RKF60GVA,outdoor,2.5HP,K005804
8010370977,03/19/2026,672,1010266996,MVC DavaoTG,RKF60GVA,outdoor,2.5HP,K005805
8010370977,03/19/2026,672,1010266996,MVC DavaoTG,RKF60GVA,outdoor,2.5HP,K005889
8010370977,03/19/2026,672,1010266996,MVC DavaoTG,RKF60GVA,outdoor,2.5HP,K005891
8010370977,03/19/2026,672,1010266996,MVC DavaoTG,RKF60GVA,outdoor,2.5HP,K006047
8010370977,03/19/2026,672,1010266996,MVC DavaoTG,RKF60GVA,outdoor,2.5HP,K006113
8010370977,03/19/2026,672,1010266996,MVC DavaoTG,RKF60GVA,outdoor,2.5HP,K006433
8010370977,03/19/2026,672,1010266996,MVC DavaoTG,RKF60GVA,outdoor,2.5HP,K006465
8010370977,03/19/2026,672,1010266996,MVC DavaoTG,RKF60GVA,outdoor,2.5HP,K006466
8010370977,03/19/2026,672,1010266996,MVC DavaoTG,RKF60GVA,outdoor,2.5HP,K006467
8010370977,03/19/2026,672,1010266996,MVC DavaoTG,RKF60GVA,outdoor,2.5HP,K006468
8010370977,03/19/2026,672,1010266996,MVC DavaoTG,RKF60GVA,outdoor,2.5HP,K006469
8010370977,03/19/2026,672,1010266996,MVC DavaoTG,RKF60GVA,outdoor,2.5HP,K006470
8010370977,03/19/2026,672,1010266996,MVC DavaoTG,RKF60GVA,outdoor,2.5HP,K006471
8010370977,03/19/2026,672,1010266996,MVC DavaoTG,RKF60GVA,outdoor,2.5HP,K006472
8010370977,03/19/2026,672,1010266996,MVC DavaoTG,RKF60GVA,outdoor,2.5HP,K006531
8010370977,03/19/2026,672,1010266996,MVC DavaoTG,RKF60GVA,outdoor,2.5HP,K006534
8010370977,03/19/2026,672,1010266996,MVC DavaoTG,RKF60GVA,outdoor,2.5HP,K006536
8010370977,03/19/2026,672,1010266996,MVC DavaoTG,RKF60GVA,outdoor,2.5HP,K006972
8010370977,03/19/2026,672,1010266996,MVC DavaoTG,RKF60GVA,outdoor,2.5HP,K006973
8010370977,03/19/2026,672,1010266996,MVC DavaoTG,RKF60GVA,outdoor,2.5HP,K006974
8010370977,03/19/2026,672,1010266996,MVC DavaoTG,RKF60GVA,outdoor,2.5HP,K006978
8010370977,03/19/2026,672,1010266996,MVC DavaoTG,RKF60GVA,outdoor,2.5HP,K006979
8010370977,03/19/2026,672,1010266996,MVC DavaoTG,RKF60GVA,outdoor,2.5HP,K007052
8010370977,03/19/2026,672,1010266996,MVC DavaoTG,RKF60GVA,outdoor,2.5HP,K007053
8010370977,03/19/2026,672,1010266996,MVC DavaoTG,RKF60GVA,outdoor,2.5HP,K007054
8010370977,03/19/2026,672,1010266996,MVC DavaoTG,RKF60GVA,outdoor,2.5HP,K007055
8010370977,03/19/2026,672,1010266996,MVC DavaoTG,RKF60GVA,outdoor,2.5HP,K007056
8010370977,03/19/2026,672,1010266996,MVC DavaoTG,RKF60GVA,outdoor,2.5HP,K007057
8010370977,03/19/2026,672,1010266996,MVC DavaoTG,RKF60GVA,outdoor,2.5HP,K007058
8010370977,03/19/2026,672,1010266996,MVC DavaoTG,RKF60GVA,outdoor,2.5HP,K007059
8010370977,03/19/2026,672,1010266996,MVC DavaoTG,RKF60GVA,outdoor,2.5HP,K007084
8010370977,03/19/2026,672,1010266996,MVC DavaoTG,RKF60GVA,outdoor,2.5HP,K007089
8010370977,03/19/2026,672,1010266996,MVC DavaoTG,RKF60GVA,outdoor,2.5HP,K007116
8010370977,03/19/2026,672,1010266996,MVC DavaoTG,RKF60GVA,outdoor,2.5HP,K007117
8010370977,03/19/2026,672,1010266996,MVC DavaoTG,RKF60GVA,outdoor,2.5HP,K007118
8010370977,03/19/2026,672,1010266996,MVC DavaoTG,RKF60GVA,outdoor,2.5HP,K007121
8010370977,03/19/2026,672,1010266996,MVC DavaoTG,RKF60GVA,outdoor,2.5HP,K007122
8010370977,03/19/2026,672,1010266996,MVC DavaoTG,RKF60GVA,outdoor,2.5HP,K007123
8010370977,03/19/2026,672,1010266996,MVC DavaoTG,RKF60GVA,outdoor,2.5HP,K007130
8010370977,03/19/2026,672,1010266996,MVC DavaoTG,RKF60GVA,outdoor,2.5HP,K007432
8010370977,03/19/2026,672,1010266996,MVC DavaoTG,RKF60GVA,outdoor,2.5HP,K007433
8010370977,03/19/2026,672,1010266996,MVC DavaoTG,RKF60GVA,outdoor,2.5HP,K007444
8010370977,03/19/2026,672,1010266996,MVC DavaoTG,RKF60GVA,outdoor,2.5HP,K007446
8010370977,03/19/2026,672,1010266996,MVC DavaoTG,RKF60GVA,outdoor,2.5HP,K007447
8010370977,03/19/2026,672,1010266996,MVC DavaoTG,RKF60GVA,outdoor,2.5HP,K007448
8010370977,03/19/2026,672,1010266996,MVC DavaoTG,RKF60GVA,outdoor,2.5HP,K007449
8010370977,03/19/2026,672,1010266996,MVC DavaoTG,RZFC100BXVM,outdoor,4.0HP,K009215
8010372651,03/27/2026,675,1010268825,MVC ButuanTG,FVFC71BXVA,indoor,3.0HP,K000802
8010372651,03/27/2026,675,1010268825,MVC ButuanTG,RZFC71BXVM,outdoor,3.0HP,K002173
8010372653,03/27/2026,670,1010266298,MVC DavaoTG,FTKE35AVA,indoor,1.5HP,K015650
8010372653,03/27/2026,670,1010266298,MVC DavaoTG,FTKE35AVA,indoor,1.5HP,K016287
8010372653,03/27/2026,670,1010266298,MVC DavaoTG,FTKE35AVA,indoor,1.5HP,K016327
8010372653,03/27/2026,670,1010266298,MVC DavaoTG,FTKE35AVA,indoor,1.5HP,K016334
8010372653,03/27/2026,670,1010266298,MVC DavaoTG,FTKE35AVA,indoor,1.5HP,K016343
8010372653,03/27/2026,670,1010266298,MVC DavaoTG,FTKE35AVA,indoor,1.5HP,K016372
8010372653,03/27/2026,670,1010266298,MVC DavaoTG,FTKE35AVA,indoor,1.5HP,K016386
8010372653,03/27/2026,670,1010266298,MVC DavaoTG,FTKE35AVA,indoor,1.5HP,K016387
8010372653,03/27/2026,670,1010266298,MVC DavaoTG,FTKE35AVA,indoor,1.5HP,K016391
8010372653,03/27/2026,670,1010266298,MVC DavaoTG,FTKE35AVA,indoor,1.5HP,K016392
8010372653,03/27/2026,670,1010266298,MVC DavaoTG,FTKE35AVA,indoor,1.5HP,K016400
8010372653,03/27/2026,670,1010266298,MVC DavaoTG,FTKE35AVA,indoor,1.5HP,K016404
8010372653,03/27/2026,670,1010266298,MVC DavaoTG,FTKE35AVA,indoor,1.5HP,K017982
8010372653,03/27/2026,670,1010266298,MVC DavaoTG,FTKE35AVA,indoor,1.5HP,K017991
8010372653,03/27/2026,670,1010266298,MVC DavaoTG,FTKE35AVA,indoor,1.5HP,K017995
8010372653,03/27/2026,670,1010266298,MVC DavaoTG,FTKE35AVA,indoor,1.5HP,K017999
8010372653,03/27/2026,670,1010266298,MVC DavaoTG,FTKE35AVA,indoor,1.5HP,K018001
8010372653,03/27/2026,670,1010266298,MVC DavaoTG,FTKE35AVA,indoor,1.5HP,K018002
8010372653,03/27/2026,670,1010266298,MVC DavaoTG,FTKE35AVA,indoor,1.5HP,K018003
8010372653,03/27/2026,670,1010266298,MVC DavaoTG,FTKE35AVA,indoor,1.5HP,K018004
8010372653,03/27/2026,670,1010266298,MVC DavaoTG,FTKE35AVA,indoor,1.5HP,K018007
8010372653,03/27/2026,670,1010266298,MVC DavaoTG,FTKE35AVA,indoor,1.5HP,K018008
8010372653,03/27/2026,670,1010266298,MVC DavaoTG,FTKE35AVA,indoor,1.5HP,K018009
8010372653,03/27/2026,670,1010266298,MVC DavaoTG,FTKE35AVA,indoor,1.5HP,K018011
8010372653,03/27/2026,670,1010266298,MVC DavaoTG,FTKE35AVA,indoor,1.5HP,K018701
8010372653,03/27/2026,670,1010266298,MVC DavaoTG,RKE35AVA,outdoor,1.5HP,K017715
8010372653,03/27/2026,670,1010266298,MVC DavaoTG,RKE35AVA,outdoor,1.5HP,K017718
8010372653,03/27/2026,670,1010266298,MVC DavaoTG,RKE35AVA,outdoor,1.5HP,K017720
8010372653,03/27/2026,670,1010266298,MVC DavaoTG,RKE35AVA,outdoor,1.5HP,K017721
8010372653,03/27/2026,670,1010266298,MVC DavaoTG,RKE35AVA,outdoor,1.5HP,K017723
8010372653,03/27/2026,670,1010266298,MVC DavaoTG,RKE35AVA,outdoor,1.5HP,K017725
8010372653,03/27/2026,670,1010266298,MVC DavaoTG,RKE35AVA,outdoor,1.5HP,K017726
8010372653,03/27/2026,670,1010266298,MVC DavaoTG,RKE35AVA,outdoor,1.5HP,K017727
8010372653,03/27/2026,670,1010266298,MVC DavaoTG,RKE35AVA,outdoor,1.5HP,K017728
8010372653,03/27/2026,670,1010266298,MVC DavaoTG,RKE35AVA,outdoor,1.5HP,K017730
8010372653,03/27/2026,670,1010266298,MVC DavaoTG,RKE35AVA,outdoor,1.5HP,K018246
8010372653,03/27/2026,670,1010266298,MVC DavaoTG,RKE35AVA,outdoor,1.5HP,K018326
8010372653,03/27/2026,670,1010266298,MVC DavaoTG,RKE35AVA,outdoor,1.5HP,K018352
8010372653,03/27/2026,670,1010266298,MVC DavaoTG,RKE35AVA,outdoor,1.5HP,K018364
8010372653,03/27/2026,670,1010266298,MVC DavaoTG,RKE35AVA,outdoor,1.5HP,K018370
8010372653,03/27/2026,670,1010266298,MVC DavaoTG,RKE35AVA,outdoor,1.5HP,K018373
8010372653,03/27/2026,670,1010266298,MVC DavaoTG,RKE35AVA,outdoor,1.5HP,K018382
8010372653,03/27/2026,670,1010266298,MVC DavaoTG,RKE35AVA,outdoor,1.5HP,K018383
8010372653,03/27/2026,670,1010266298,MVC DavaoTG,RKE35AVA,outdoor,1.5HP,K018386
8010372653,03/27/2026,670,1010266298,MVC DavaoTG,RKE35AVA,outdoor,1.5HP,K018387
8010372653,03/27/2026,670,1010266298,MVC DavaoTG,RKE35AVA,outdoor,1.5HP,K018390
8010372653,03/27/2026,670,1010266298,MVC DavaoTG,RKE35AVA,outdoor,1.5HP,K018392
8010372653,03/27/2026,670,1010266298,MVC DavaoTG,RKE35AVA,outdoor,1.5HP,K018394
8010372653,03/27/2026,670,1010266298,MVC DavaoTG,RKE35AVA,outdoor,1.5HP,K018397
8010372653,03/27/2026,670,1010266298,MVC DavaoTG,RKE35AVA,outdoor,1.5HP,K018401
8010374055,03/31/2026,682,1010269997,MVC DavaoTG,FTKE25AVA,indoor,1.0HP,K012971
8010374055,03/31/2026,682,1010269997,MVC DavaoTG,FTKE25AVA,indoor,1.0HP,K012979
8010374055,03/31/2026,682,1010269997,MVC DavaoTG,FTKE25AVA,indoor,1.0HP,K013014
8010374055,03/31/2026,682,1010269997,MVC DavaoTG,FTKE25AVA,indoor,1.0HP,K013090
8010374055,03/31/2026,682,1010269997,MVC DavaoTG,FTKE25AVA,indoor,1.0HP,K013096
8010374055,03/31/2026,682,1010269997,MVC DavaoTG,FTKE25AVA,indoor,1.0HP,K013208
8010374055,03/31/2026,682,1010269997,MVC DavaoTG,FTKE25AVA,indoor,1.0HP,K013210
8010374055,03/31/2026,682,1010269997,MVC DavaoTG,FTKE25AVA,indoor,1.0HP,K013213
8010374055,03/31/2026,682,1010269997,MVC DavaoTG,FTKE25AVA,indoor,1.0HP,K013223
8010374055,03/31/2026,682,1010269997,MVC DavaoTG,FTKE25AVA,indoor,1.0HP,K013231
8010374055,03/31/2026,682,1010269997,MVC DavaoTG,FTKE25AVA,indoor,1.0HP,K013235
8010374055,03/31/2026,682,1010269997,MVC DavaoTG,FTKE25AVA,indoor,1.0HP,K013261
8010374055,03/31/2026,682,1010269997,MVC DavaoTG,FTKE25AVA,indoor,1.0HP,K013262
8010374055,03/31/2026,682,1010269997,MVC DavaoTG,FTKE25AVA,indoor,1.0HP,K013265
8010374055,03/31/2026,682,1010269997,MVC DavaoTG,FTKE25AVA,indoor,1.0HP,K013267
8010374055,03/31/2026,682,1010269997,MVC DavaoTG,FTKE25AVA,indoor,1.0HP,K013270
8010374055,03/31/2026,682,1010269997,MVC DavaoTG,FTKE25AVA,indoor,1.0HP,K013271
8010374055,03/31/2026,682,1010269997,MVC DavaoTG,FTKE25AVA,indoor,1.0HP,K013272
8010374055,03/31/2026,682,1010269997,MVC DavaoTG,FTKE25AVA,indoor,1.0HP,K013275
8010374055,03/31/2026,682,1010269997,MVC DavaoTG,FTKE25AVA,indoor,1.0HP,K013278
8010374055,03/31/2026,682,1010269997,MVC DavaoTG,FTKE50AVA,indoor,2.0HP,K002892
8010374055,03/31/2026,682,1010269997,MVC DavaoTG,FTKE50AVA,indoor,2.0HP,K002894
8010374055,03/31/2026,682,1010269997,MVC DavaoTG,FTKE50AVA,indoor,2.0HP,K002902
8010374055,03/31/2026,682,1010269997,MVC DavaoTG,FTKE50AVA,indoor,2.0HP,K002904
8010374055,03/31/2026,682,1010269997,MVC DavaoTG,FTKE50AVA,indoor,2.0HP,K002907
8010374055,03/31/2026,682,1010269997,MVC DavaoTG,FTKE50AVA,indoor,2.0HP,K002908
8010374055,03/31/2026,682,1010269997,MVC DavaoTG,FTKE50AVA,indoor,2.0HP,K002919
8010374055,03/31/2026,682,1010269997,MVC DavaoTG,FTKE50AVA,indoor,2.0HP,K002940
8010374055,03/31/2026,682,1010269997,MVC DavaoTG,FTKE50AVA,indoor,2.0HP,K003161
8010374055,03/31/2026,682,1010269997,MVC DavaoTG,FTKE50AVA,indoor,2.0HP,K003162
8010374055,03/31/2026,682,1010269997,MVC DavaoTG,FTKQ71CVAF,indoor,3.0HP,K003242
8010374055,03/31/2026,682,1010269997,MVC DavaoTG,FTKQ71CVAF,indoor,3.0HP,K003262
8010374055,03/31/2026,682,1010269997,MVC DavaoTG,FTKQ71CVAF,indoor,3.0HP,K003552
8010374055,03/31/2026,682,1010269997,MVC DavaoTG,FTKQ71CVAF,indoor,3.0HP,K003557
8010374055,03/31/2026,682,1010269997,MVC DavaoTG,FTKQ71CVAF,indoor,3.0HP,K003585
8010374055,03/31/2026,682,1010269997,MVC DavaoTG,FTKZ71WVM,indoor,3.0HP,E001464
8010374055,03/31/2026,682,1010269997,MVC DavaoTG,RKE25AVA,outdoor,1.0HP,K012736
8010374055,03/31/2026,682,1010269997,MVC DavaoTG,RKE25AVA,outdoor,1.0HP,K012743
8010374055,03/31/2026,682,1010269997,MVC DavaoTG,RKE25AVA,outdoor,1.0HP,K013149
8010374055,03/31/2026,682,1010269997,MVC DavaoTG,RKE25AVA,outdoor,1.0HP,K015332
8010374055,03/31/2026,682,1010269997,MVC DavaoTG,RKE25AVA,outdoor,1.0HP,K015338
8010374055,03/31/2026,682,1010269997,MVC DavaoTG,RKE25AVA,outdoor,1.0HP,K015345
8010374055,03/31/2026,682,1010269997,MVC DavaoTG,RKE25AVA,outdoor,1.0HP,K015350
8010374055,03/31/2026,682,1010269997,MVC DavaoTG,RKE25AVA,outdoor,1.0HP,K015503
8010374055,03/31/2026,682,1010269997,MVC DavaoTG,RKE25AVA,outdoor,1.0HP,K015513
8010374055,03/31/2026,682,1010269997,MVC DavaoTG,RKE25AVA,outdoor,1.0HP,K015543
8010374055,03/31/2026,682,1010269997,MVC DavaoTG,RKE25AVA,outdoor,1.0HP,K015544
8010374055,03/31/2026,682,1010269997,MVC DavaoTG,RKE25AVA,outdoor,1.0HP,K015546
8010374055,03/31/2026,682,1010269997,MVC DavaoTG,RKE25AVA,outdoor,1.0HP,K015548
8010374055,03/31/2026,682,1010269997,MVC DavaoTG,RKE25AVA,outdoor,1.0HP,K015549
8010374055,03/31/2026,682,1010269997,MVC DavaoTG,RKE25AVA,outdoor,1.0HP,K015551
8010374055,03/31/2026,682,1010269997,MVC DavaoTG,RKE25AVA,outdoor,1.0HP,K015553
8010374055,03/31/2026,682,1010269997,MVC DavaoTG,RKE25AVA,outdoor,1.0HP,K015560
8010374055,03/31/2026,682,1010269997,MVC DavaoTG,RKE25AVA,outdoor,1.0HP,K015723
8010374055,03/31/2026,682,1010269997,MVC DavaoTG,RKE25AVA,outdoor,1.0HP,K015756
8010374055,03/31/2026,682,1010269997,MVC DavaoTG,RKE25AVA,outdoor,1.0HP,K016030
8010374055,03/31/2026,682,1010269997,MVC DavaoTG,RKE50AVA,outdoor,2.0HP,K000107
8010374055,03/31/2026,682,1010269997,MVC DavaoTG,RKE50AVA,outdoor,2.0HP,K000132
8010374055,03/31/2026,682,1010269997,MVC DavaoTG,RKE50AVA,outdoor,2.0HP,K000221
8010374055,03/31/2026,682,1010269997,MVC DavaoTG,RKE50AVA,outdoor,2.0HP,K000233
8010374055,03/31/2026,682,1010269997,MVC DavaoTG,RKE50AVA,outdoor,2.0HP,K000455
8010374055,03/31/2026,682,1010269997,MVC DavaoTG,RKE50AVA,outdoor,2.0HP,K000510
8010374055,03/31/2026,682,1010269997,MVC DavaoTG,RKE50AVA,outdoor,2.0HP,K000512
8010374055,03/31/2026,682,1010269997,MVC DavaoTG,RKE50AVA,outdoor,2.0HP,K000513
8010374055,03/31/2026,682,1010269997,MVC DavaoTG,RKE50AVA,outdoor,2.0HP,K000522
8010374055,03/31/2026,682,1010269997,MVC DavaoTG,RKE50AVA,outdoor,2.0HP,K000525
8010374055,03/31/2026,682,1010269997,MVC DavaoTG,RKQ71CVA,outdoor,3.0HP,K003118
8010374055,03/31/2026,682,1010269997,MVC DavaoTG,RKQ71CVA,outdoor,3.0HP,K003123
8010374055,03/31/2026,682,1010269997,MVC DavaoTG,RKQ71CVA,outdoor,3.0HP,K003136
8010374055,03/31/2026,682,1010269997,MVC DavaoTG,RKQ71CVA,outdoor,3.0HP,K004000
8010374055,03/31/2026,682,1010269997,MVC DavaoTG,RKQ71CVA,outdoor,3.0HP,K005442
8010374055,03/31/2026,682,1010269997,MVC DavaoTG,RKZ71WVM,outdoor,3.0HP,E001487
8010375962,04/15/2026,672,1010266996,MVC DavaoTG,FTKF60GVAF,indoor,2.5HP,K006804
8010375962,04/15/2026,672,1010266996,MVC DavaoTG,FTKF60GVAF,indoor,2.5HP,K006805
8010375962,04/15/2026,672,1010266996,MVC DavaoTG,FTKF60GVAF,indoor,2.5HP,K006809
8010375962,04/15/2026,672,1010266996,MVC DavaoTG,FTKF60GVAF,indoor,2.5HP,K006811
8010375962,04/15/2026,672,1010266996,MVC DavaoTG,FTKF60GVAF,indoor,2.5HP,K006813
8010375962,04/15/2026,672,1010266996,MVC DavaoTG,FTKF60GVAF,indoor,2.5HP,K007182
8010375962,04/15/2026,672,1010266996,MVC DavaoTG,FTKF60GVAF,indoor,2.5HP,K007191
8010375962,04/15/2026,672,1010266996,MVC DavaoTG,FTKF60GVAF,indoor,2.5HP,K007246
8010375962,04/15/2026,672,1010266996,MVC DavaoTG,FTKF60GVAF,indoor,2.5HP,K007251
8010375962,04/15/2026,672,1010266996,MVC DavaoTG,FTKF60GVAF,indoor,2.5HP,K007253
8010375962,04/15/2026,672,1010266996,MVC DavaoTG,RKF60GVA,outdoor,2.5HP,K005409
8010375962,04/15/2026,672,1010266996,MVC DavaoTG,RKF60GVA,outdoor,2.5HP,K005624
8010375962,04/15/2026,672,1010266996,MVC DavaoTG,RKF60GVA,outdoor,2.5HP,K005625
8010375962,04/15/2026,672,1010266996,MVC DavaoTG,RKF60GVA,outdoor,2.5HP,K005626
8010375962,04/15/2026,672,1010266996,MVC DavaoTG,RKF60GVA,outdoor,2.5HP,K005880
8010375962,04/15/2026,672,1010266996,MVC DavaoTG,RKF60GVA,outdoor,2.5HP,K005885
8010375962,04/15/2026,672,1010266996,MVC DavaoTG,RKF60GVA,outdoor,2.5HP,K006196
8010375962,04/15/2026,672,1010266996,MVC DavaoTG,RKF60GVA,outdoor,2.5HP,K006202
8010375962,04/15/2026,672,1010266996,MVC DavaoTG,RKF60GVA,outdoor,2.5HP,K006245
8010375962,04/15/2026,672,1010266996,MVC DavaoTG,RKF60GVA,outdoor,2.5HP,K006246
8010376536,04/17/2026,686,1010272133,MVC DavaoTG,FTKZ25WVM,indoor,1.0HP,E002451
8010376536,04/17/2026,686,1010272133,MVC DavaoTG,FTKZ35WVM,indoor,1.5HP,E003130
8010376536,04/17/2026,686,1010272133,MVC DavaoTG,RKZ25WVM,outdoor,1.0HP,E002415
8010376536,04/17/2026,686,1010272133,MVC DavaoTG,RKZ35WVM,outdoor,1.5HP,E003714
8010376925,04/18/2026,688,1010272411,MVC DavaoTG,FTKZ35WVM,indoor,1.5HP,E003490
8010376925,04/18/2026,688,1010272411,MVC DavaoTG,FTKZ35WVM,indoor,1.5HP,E003491
8010376925,04/18/2026,688,1010272411,MVC DavaoTG,RKZ35WVM,outdoor,1.5HP,E003715
8010376925,04/18/2026,688,1010272411,MVC DavaoTG,RKZ35WVM,outdoor,1.5HP,E003723
8010379222,04/30/2026,672,1010266996,MVC DavaoTG,FTKF50GVAF,indoor,2.0HP,K001209
8010379222,04/30/2026,672,1010266996,MVC DavaoTG,FTKF50GVAF,indoor,2.0HP,K001217
8010379222,04/30/2026,672,1010266996,MVC DavaoTG,FTKF50GVAF,indoor,2.0HP,K001231
8010379222,04/30/2026,672,1010266996,MVC DavaoTG,FTKF50GVAF,indoor,2.0HP,K001232
8010379222,04/30/2026,672,1010266996,MVC DavaoTG,FTKF50GVAF,indoor,2.0HP,K001233
8010379222,04/30/2026,672,1010266996,MVC DavaoTG,FTKF50GVAF,indoor,2.0HP,K001240
8010379222,04/30/2026,672,1010266996,MVC DavaoTG,FTKF50GVAF,indoor,2.0HP,K001242
8010379222,04/30/2026,672,1010266996,MVC DavaoTG,FTKF50GVAF,indoor,2.0HP,K001271
8010379222,04/30/2026,672,1010266996,MVC DavaoTG,FTKF50GVAF,indoor,2.0HP,K001280
8010379222,04/30/2026,672,1010266996,MVC DavaoTG,FTKF50GVAF,indoor,2.0HP,K001289
8010379222,04/30/2026,672,1010266996,MVC DavaoTG,FTKF50GVAF,indoor,2.0HP,K001291
8010379222,04/30/2026,672,1010266996,MVC DavaoTG,FTKF50GVAF,indoor,2.0HP,K001294
8010379222,04/30/2026,672,1010266996,MVC DavaoTG,FTKF50GVAF,indoor,2.0HP,K001298
8010379222,04/30/2026,672,1010266996,MVC DavaoTG,FTKF50GVAF,indoor,2.0HP,K001303
8010379222,04/30/2026,672,1010266996,MVC DavaoTG,FTKF50GVAF,indoor,2.0HP,K001308
8010379222,04/30/2026,672,1010266996,MVC DavaoTG,FTKF50GVAF,indoor,2.0HP,K001312
8010379222,04/30/2026,672,1010266996,MVC DavaoTG,FTKF50GVAF,indoor,2.0HP,K001313
8010379222,04/30/2026,672,1010266996,MVC DavaoTG,FTKF50GVAF,indoor,2.0HP,K002695
8010379222,04/30/2026,672,1010266996,MVC DavaoTG,FTKF50GVAF,indoor,2.0HP,K002699
8010379222,04/30/2026,672,1010266996,MVC DavaoTG,FTKF60GVAF,indoor,2.5HP,K004414
8010379222,04/30/2026,672,1010266996,MVC DavaoTG,FTKF60GVAF,indoor,2.5HP,K006172
8010379222,04/30/2026,672,1010266996,MVC DavaoTG,FTKF60GVAF,indoor,2.5HP,K006185
8010379222,04/30/2026,672,1010266996,MVC DavaoTG,FTKF60GVAF,indoor,2.5HP,K006207
8010379222,04/30/2026,672,1010266996,MVC DavaoTG,FTKF60GVAF,indoor,2.5HP,K006230
8010379222,04/30/2026,672,1010266996,MVC DavaoTG,FTKF60GVAF,indoor,2.5HP,K006231
8010379222,04/30/2026,672,1010266996,MVC DavaoTG,FTKF60GVAF,indoor,2.5HP,K006234
8010379222,04/30/2026,672,1010266996,MVC DavaoTG,FTKF60GVAF,indoor,2.5HP,K006241
8010379222,04/30/2026,672,1010266996,MVC DavaoTG,FTKF60GVAF,indoor,2.5HP,K006243
8010379222,04/30/2026,672,1010266996,MVC DavaoTG,FTKF60GVAF,indoor,2.5HP,K006244
8010379222,04/30/2026,672,1010266996,MVC DavaoTG,FTKF60GVAF,indoor,2.5HP,K006246
8010379222,04/30/2026,672,1010266996,MVC DavaoTG,FTKF60GVAF,indoor,2.5HP,K006249
8010379222,04/30/2026,672,1010266996,MVC DavaoTG,FTKF60GVAF,indoor,2.5HP,K006251
8010379222,04/30/2026,672,1010266996,MVC DavaoTG,FTKF60GVAF,indoor,2.5HP,K006252
8010379222,04/30/2026,672,1010266996,MVC DavaoTG,RKF50GVA,outdoor,2.0HP,K000991
8010379222,04/30/2026,672,1010266996,MVC DavaoTG,RKF50GVA,outdoor,2.0HP,K001018
8010379222,04/30/2026,672,1010266996,MVC DavaoTG,RKF50GVA,outdoor,2.0HP,K001019
8010379222,04/30/2026,672,1010266996,MVC DavaoTG,RKF50GVA,outdoor,2.0HP,K001020
8010379222,04/30/2026,672,1010266996,MVC DavaoTG,RKF50GVA,outdoor,2.0HP,K001021
8010379222,04/30/2026,672,1010266996,MVC DavaoTG,RKF50GVA,outdoor,2.0HP,K001055
8010379222,04/30/2026,672,1010266996,MVC DavaoTG,RKF50GVA,outdoor,2.0HP,K001081
8010379222,04/30/2026,672,1010266996,MVC DavaoTG,RKF50GVA,outdoor,2.0HP,K001082
8010379222,04/30/2026,672,1010266996,MVC DavaoTG,RKF50GVA,outdoor,2.0HP,K001304
8010379222,04/30/2026,672,1010266996,MVC DavaoTG,RKF50GVA,outdoor,2.0HP,K001306
8010379222,04/30/2026,672,1010266996,MVC DavaoTG,RKF50GVA,outdoor,2.0HP,K001778
8010379222,04/30/2026,672,1010266996,MVC DavaoTG,RKF50GVA,outdoor,2.0HP,K001782
8010379222,04/30/2026,672,1010266996,MVC DavaoTG,RKF50GVA,outdoor,2.0HP,K001789
8010379222,04/30/2026,672,1010266996,MVC DavaoTG,RKF50GVA,outdoor,2.0HP,K001790
8010379222,04/30/2026,672,1010266996,MVC DavaoTG,RKF50GVA,outdoor,2.0HP,K001792
8010379222,04/30/2026,672,1010266996,MVC DavaoTG,RKF50GVA,outdoor,2.0HP,K001794
8010379222,04/30/2026,672,1010266996,MVC DavaoTG,RKF50GVA,outdoor,2.0HP,K001795
8010379222,04/30/2026,672,1010266996,MVC DavaoTG,RKF50GVA,outdoor,2.0HP,K002384
8010379222,04/30/2026,672,1010266996,MVC DavaoTG,RKF50GVA,outdoor,2.0HP,K002387
8010379222,04/30/2026,672,1010266996,MVC DavaoTG,RKF60GVA,outdoor,2.5HP,K004906
8010379222,04/30/2026,672,1010266996,MVC DavaoTG,RKF60GVA,outdoor,2.5HP,K006783
8010379222,04/30/2026,672,1010266996,MVC DavaoTG,RKF60GVA,outdoor,2.5HP,K006788
8010379222,04/30/2026,672,1010266996,MVC DavaoTG,RKF60GVA,outdoor,2.5HP,K006789
8010379222,04/30/2026,672,1010266996,MVC DavaoTG,RKF60GVA,outdoor,2.5HP,K006790
8010379222,04/30/2026,672,1010266996,MVC DavaoTG,RKF60GVA,outdoor,2.5HP,K006818
8010379222,04/30/2026,672,1010266996,MVC DavaoTG,RKF60GVA,outdoor,2.5HP,K006820
8010379222,04/30/2026,672,1010266996,MVC DavaoTG,RKF60GVA,outdoor,2.5HP,K006822
8010379222,04/30/2026,672,1010266996,MVC DavaoTG,RKF60GVA,outdoor,2.5HP,K007451
8010379222,04/30/2026,672,1010266996,MVC DavaoTG,RKF60GVA,outdoor,2.5HP,K007452
8010379222,04/30/2026,672,1010266996,MVC DavaoTG,RKF60GVA,outdoor,2.5HP,K007455
8010379222,04/30/2026,672,1010266996,MVC DavaoTG,RKF60GVA,outdoor,2.5HP,K007458
8010379222,04/30/2026,672,1010266996,MVC DavaoTG,RKF60GVA,outdoor,2.5HP,K007467
8010379222,04/30/2026,672,1010266996,MVC DavaoTG,RKF60GVA,outdoor,2.5HP,K007470
8010379355,04/30/2026,679,1010270042,MVC DavaoTG,FTKF71GVAF,indoor,3.0HP,K000767
8010379355,04/30/2026,679,1010270042,MVC DavaoTG,FTKF71GVAF,indoor,3.0HP,K000771
8010379355,04/30/2026,679,1010270042,MVC DavaoTG,FTKF71GVAF,indoor,3.0HP,K000816
8010379355,04/30/2026,679,1010270042,MVC DavaoTG,RKF71GVA,outdoor,3.0HP,K001055
8010379355,04/30/2026,679,1010270042,MVC DavaoTG,RKF71GVA,outdoor,3.0HP,K001061
8010379355,04/30/2026,679,1010270042,MVC DavaoTG,RKF71GVA,outdoor,3.0HP,K001089
8010379512,04/30/2026,680,1010270036,MVC DavaoTG,FTKF71GVAF,indoor,3.0HP,K001696
8010379512,04/30/2026,680,1010270036,MVC DavaoTG,FTKF71GVAF,indoor,3.0HP,K001697
8010379512,04/30/2026,680,1010270036,MVC DavaoTG,FTKF71GVAF,indoor,3.0HP,K001698
8010379512,04/30/2026,680,1010270036,MVC DavaoTG,FTKF71GVAF,indoor,3.0HP,K001700
8010379512,04/30/2026,680,1010270036,MVC DavaoTG,FTKF71GVAF,indoor,3.0HP,K001701
8010379512,04/30/2026,680,1010270036,MVC DavaoTG,FTKF71GVAF,indoor,3.0HP,K001703
8010379512,04/30/2026,680,1010270036,MVC DavaoTG,FTKF71GVAF,indoor,3.0HP,K001705
8010379512,04/30/2026,680,1010270036,MVC DavaoTG,FTKF71GVAF,indoor,3.0HP,K001706
8010379512,04/30/2026,680,1010270036,MVC DavaoTG,FTKF71GVAF,indoor,3.0HP,K001707
8010379512,04/30/2026,680,1010270036,MVC DavaoTG,FTKF71GVAF,indoor,3.0HP,K001708
8010379512,04/30/2026,680,1010270036,MVC DavaoTG,FTKF71GVAF,indoor,3.0HP,K001731
8010379512,04/30/2026,680,1010270036,MVC DavaoTG,FTKF71GVAF,indoor,3.0HP,K001732
8010379512,04/30/2026,680,1010270036,MVC DavaoTG,FTKF71GVAF,indoor,3.0HP,K001733
8010379512,04/30/2026,680,1010270036,MVC DavaoTG,FTKF71GVAF,indoor,3.0HP,K001734
8010379512,04/30/2026,680,1010270036,MVC DavaoTG,FTKF71GVAF,indoor,3.0HP,K001742
8010379512,04/30/2026,680,1010270036,MVC DavaoTG,RKF71GVA,outdoor,3.0HP,K001719
8010379512,04/30/2026,680,1010270036,MVC DavaoTG,RKF71GVA,outdoor,3.0HP,K001721
8010379512,04/30/2026,680,1010270036,MVC DavaoTG,RKF71GVA,outdoor,3.0HP,K001727
8010379512,04/30/2026,680,1010270036,MVC DavaoTG,RKF71GVA,outdoor,3.0HP,K001729
8010379512,04/30/2026,680,1010270036,MVC DavaoTG,RKF71GVA,outdoor,3.0HP,K001733
8010379512,04/30/2026,680,1010270036,MVC DavaoTG,RKF71GVA,outdoor,3.0HP,K001739
8010379512,04/30/2026,680,1010270036,MVC DavaoTG,RKF71GVA,outdoor,3.0HP,K001746
8010379512,04/30/2026,680,1010270036,MVC DavaoTG,RKF71GVA,outdoor,3.0HP,K001752
8010379512,04/30/2026,680,1010270036,MVC DavaoTG,RKF71GVA,outdoor,3.0HP,K001754
8010379512,04/30/2026,680,1010270036,MVC DavaoTG,RKF71GVA,outdoor,3.0HP,K001755
8010379512,04/30/2026,680,1010270036,MVC DavaoTG,RKF71GVA,outdoor,3.0HP,K001762
8010379512,04/30/2026,680,1010270036,MVC DavaoTG,RKF71GVA,outdoor,3.0HP,K001763
8010379512,04/30/2026,680,1010270036,MVC DavaoTG,RKF71GVA,outdoor,3.0HP,K001897
8010379512,04/30/2026,680,1010270036,MVC DavaoTG,RKF71GVA,outdoor,3.0HP,K001898
8010379512,04/30/2026,680,1010270036,MVC DavaoTG,RKF71GVA,outdoor,3.0HP,K001902
8010379785,05/01/2026,678,1010270059,MVC DavaoTG,FVFC140BXVA,indoor,6.0HP,K005260
8010379785,05/01/2026,678,1010270059,MVC DavaoTG,RZFC140BXVM,outdoor,6.0HP,K009105
8010382362,05/13/2026,693,1010276503,MVC DavaoTG,FTKE35AVA,indoor,1.5HP,K011638
8010382362,05/13/2026,693,1010276503,MVC DavaoTG,FTKE35AVA,indoor,1.5HP,K011983
8010382362,05/13/2026,693,1010276503,MVC DavaoTG,FTKE35AVA,indoor,1.5HP,K011985
8010382362,05/13/2026,693,1010276503,MVC DavaoTG,FTKE35AVA,indoor,1.5HP,K012039
8010382362,05/13/2026,693,1010276503,MVC DavaoTG,FTKE35AVA,indoor,1.5HP,K012040
8010382362,05/13/2026,693,1010276503,MVC DavaoTG,FTKE35AVA,indoor,1.5HP,K012046
8010382362,05/13/2026,693,1010276503,MVC DavaoTG,FTKE35AVA,indoor,1.5HP,K012050
8010382362,05/13/2026,693,1010276503,MVC DavaoTG,FTKE35AVA,indoor,1.5HP,K012134
8010382362,05/13/2026,693,1010276503,MVC DavaoTG,FTKE35AVA,indoor,1.5HP,K012148
8010382362,05/13/2026,693,1010276503,MVC DavaoTG,FTKE35AVA,indoor,1.5HP,K012228
8010382362,05/13/2026,693,1010276503,MVC DavaoTG,RKE35AVA,outdoor,1.5HP,K011692
8010382362,05/13/2026,693,1010276503,MVC DavaoTG,RKE35AVA,outdoor,1.5HP,K011701
8010382362,05/13/2026,693,1010276503,MVC DavaoTG,RKE35AVA,outdoor,1.5HP,K011758
8010382362,05/13/2026,693,1010276503,MVC DavaoTG,RKE35AVA,outdoor,1.5HP,K011766
8010382362,05/13/2026,693,1010276503,MVC DavaoTG,RKE35AVA,outdoor,1.5HP,K011773
8010382362,05/13/2026,693,1010276503,MVC DavaoTG,RKE35AVA,outdoor,1.5HP,K011824
8010382362,05/13/2026,693,1010276503,MVC DavaoTG,RKE35AVA,outdoor,1.5HP,K011861
8010382362,05/13/2026,693,1010276503,MVC DavaoTG,RKE35AVA,outdoor,1.5HP,K011869
8010382362,05/13/2026,693,1010276503,MVC DavaoTG,RKE35AVA,outdoor,1.5HP,K011952
8010382362,05/13/2026,693,1010276503,MVC DavaoTG,RKE35AVA,outdoor,1.5HP,K012013
8010382505,05/13/2026,694,1010276597,MVC DavaoTG,FTKE20AVA,indoor,0.8HP,K005283
8010382505,05/13/2026,694,1010276597,MVC DavaoTG,FTKE20AVA,indoor,0.8HP,K005501
8010382505,05/13/2026,694,1010276597,MVC DavaoTG,FTKE25AVA,indoor,1.0HP,K010905
8010382505,05/13/2026,694,1010276597,MVC DavaoTG,FTKE25AVA,indoor,1.0HP,K013551
8010382505,05/13/2026,694,1010276597,MVC DavaoTG,FTKE25AVA,indoor,1.0HP,K013557
8010382505,05/13/2026,694,1010276597,MVC DavaoTG,RKE20AVA,outdoor,0.8HP,K005089
8010382505,05/13/2026,694,1010276597,MVC DavaoTG,RKE20AVA,outdoor,0.8HP,K005314
8010382505,05/13/2026,694,1010276597,MVC DavaoTG,RKE25AVA,outdoor,1.0HP,K015649
8010382505,05/13/2026,694,1010276597,MVC DavaoTG,RKE25AVA,outdoor,1.0HP,K015663
8010382505,05/13/2026,694,1010276597,MVC DavaoTG,RKE25AVA,outdoor,1.0HP,K015701
8010382514,05/13/2026,672,1010266996,MVC DavaoTG,FVFC100BXVA,indoor,4.0HP,K005167
8010382514,05/13/2026,672,1010266996,MVC DavaoTG,RZFC100BXVM,outdoor,4.0HP,K009009
8010383765,05/19/2026,698,1010277583,MVC DavaoTG,FTKE25AVA,indoor,1.0HP,K009541
8010383765,05/19/2026,698,1010277583,MVC DavaoTG,FTKE25AVA,indoor,1.0HP,K010663
8010383765,05/19/2026,698,1010277583,MVC DavaoTG,FTKE25AVA,indoor,1.0HP,K010673
8010383765,05/19/2026,698,1010277583,MVC DavaoTG,FTKE25AVA,indoor,1.0HP,K010801
8010383765,05/19/2026,698,1010277583,MVC DavaoTG,FTKE25AVA,indoor,1.0HP,K010822
8010383765,05/19/2026,698,1010277583,MVC DavaoTG,FTKE25AVA,indoor,1.0HP,K010886
8010383765,05/19/2026,698,1010277583,MVC DavaoTG,FTKE25AVA,indoor,1.0HP,K010889
8010383765,05/19/2026,698,1010277583,MVC DavaoTG,FTKE25AVA,indoor,1.0HP,K010890
8010383765,05/19/2026,698,1010277583,MVC DavaoTG,FTKE25AVA,indoor,1.0HP,K010894
8010383765,05/19/2026,698,1010277583,MVC DavaoTG,FTKE25AVA,indoor,1.0HP,K010895
8010383765,05/19/2026,698,1010277583,MVC DavaoTG,FTKE25AVA,indoor,1.0HP,K010901
8010383765,05/19/2026,698,1010277583,MVC DavaoTG,FTKE25AVA,indoor,1.0HP,K010903
8010383765,05/19/2026,698,1010277583,MVC DavaoTG,FTKE25AVA,indoor,1.0HP,K010944
8010383765,05/19/2026,698,1010277583,MVC DavaoTG,FTKE25AVA,indoor,1.0HP,K010950
8010383765,05/19/2026,698,1010277583,MVC DavaoTG,FTKE25AVA,indoor,1.0HP,K010956
8010383765,05/19/2026,698,1010277583,MVC DavaoTG,FTKE25AVA,indoor,1.0HP,K010972
8010383765,05/19/2026,698,1010277583,MVC DavaoTG,FTKE25AVA,indoor,1.0HP,K012564
8010383765,05/19/2026,698,1010277583,MVC DavaoTG,FTKE25AVA,indoor,1.0HP,K012565
8010383765,05/19/2026,698,1010277583,MVC DavaoTG,FTKE25AVA,indoor,1.0HP,K012566
8010383765,05/19/2026,698,1010277583,MVC DavaoTG,FTKE25AVA,indoor,1.0HP,K012592
8010383765,05/19/2026,698,1010277583,MVC DavaoTG,FTKE35AVA,indoor,1.5HP,K011624
8010383765,05/19/2026,698,1010277583,MVC DavaoTG,FTKE35AVA,indoor,1.5HP,K011631
8010383765,05/19/2026,698,1010277583,MVC DavaoTG,FTKE35AVA,indoor,1.5HP,K011632
8010383765,05/19/2026,698,1010277583,MVC DavaoTG,FTKE35AVA,indoor,1.5HP,K011637
8010383765,05/19/2026,698,1010277583,MVC DavaoTG,FTKE35AVA,indoor,1.5HP,K011933
8010383765,05/19/2026,698,1010277583,MVC DavaoTG,FTKE35AVA,indoor,1.5HP,K011939
8010383765,05/19/2026,698,1010277583,MVC DavaoTG,FTKE35AVA,indoor,1.5HP,K011989
8010383765,05/19/2026,698,1010277583,MVC DavaoTG,FTKE35AVA,indoor,1.5HP,K011993
8010383765,05/19/2026,698,1010277583,MVC DavaoTG,FTKE35AVA,indoor,1.5HP,K011997
8010383765,05/19/2026,698,1010277583,MVC DavaoTG,FTKE35AVA,indoor,1.5HP,K012033
8010383765,05/19/2026,698,1010277583,MVC DavaoTG,FTKE35AVA,indoor,1.5HP,K012047
8010383765,05/19/2026,698,1010277583,MVC DavaoTG,FTKE35AVA,indoor,1.5HP,K012052
8010383765,05/19/2026,698,1010277583,MVC DavaoTG,FTKE35AVA,indoor,1.5HP,K012061
8010383765,05/19/2026,698,1010277583,MVC DavaoTG,FTKE35AVA,indoor,1.5HP,K012120
8010383765,05/19/2026,698,1010277583,MVC DavaoTG,FTKE35AVA,indoor,1.5HP,K012121
8010383765,05/19/2026,698,1010277583,MVC DavaoTG,FTKE35AVA,indoor,1.5HP,K012123
8010383765,05/19/2026,698,1010277583,MVC DavaoTG,FTKE35AVA,indoor,1.5HP,K012128
8010383765,05/19/2026,698,1010277583,MVC DavaoTG,FTKE35AVA,indoor,1.5HP,K012133
8010383765,05/19/2026,698,1010277583,MVC DavaoTG,FTKE35AVA,indoor,1.5HP,K012143
8010383765,05/19/2026,698,1010277583,MVC DavaoTG,FTKE35AVA,indoor,1.5HP,K012149
8010383765,05/19/2026,698,1010277583,MVC DavaoTG,RKE25AVA,outdoor,1.0HP,K015510
8010383765,05/19/2026,698,1010277583,MVC DavaoTG,RKE25AVA,outdoor,1.0HP,K015520
8010383765,05/19/2026,698,1010277583,MVC DavaoTG,RKE25AVA,outdoor,1.0HP,K015529
8010383765,05/19/2026,698,1010277583,MVC DavaoTG,RKE25AVA,outdoor,1.0HP,K015532
8010383765,05/19/2026,698,1010277583,MVC DavaoTG,RKE25AVA,outdoor,1.0HP,K015537
8010383765,05/19/2026,698,1010277583,MVC DavaoTG,RKE25AVA,outdoor,1.0HP,K015539
8010383765,05/19/2026,698,1010277583,MVC DavaoTG,RKE25AVA,outdoor,1.0HP,K015566
8010383765,05/19/2026,698,1010277583,MVC DavaoTG,RKE25AVA,outdoor,1.0HP,K015571
8010383765,05/19/2026,698,1010277583,MVC DavaoTG,RKE25AVA,outdoor,1.0HP,K015593
8010383765,05/19/2026,698,1010277583,MVC DavaoTG,RKE25AVA,outdoor,1.0HP,K015598
8010383765,05/19/2026,698,1010277583,MVC DavaoTG,RKE25AVA,outdoor,1.0HP,K015599
8010383765,05/19/2026,698,1010277583,MVC DavaoTG,RKE25AVA,outdoor,1.0HP,K015613
8010383765,05/19/2026,698,1010277583,MVC DavaoTG,RKE25AVA,outdoor,1.0HP,K015633
8010383765,05/19/2026,698,1010277583,MVC DavaoTG,RKE25AVA,outdoor,1.0HP,K015637
8010383765,05/19/2026,698,1010277583,MVC DavaoTG,RKE25AVA,outdoor,1.0HP,K015643
8010383765,05/19/2026,698,1010277583,MVC DavaoTG,RKE25AVA,outdoor,1.0HP,K015672
8010383765,05/19/2026,698,1010277583,MVC DavaoTG,RKE25AVA,outdoor,1.0HP,K015677
8010383765,05/19/2026,698,1010277583,MVC DavaoTG,RKE25AVA,outdoor,1.0HP,K015678
8010383765,05/19/2026,698,1010277583,MVC DavaoTG,RKE25AVA,outdoor,1.0HP,K015679
8010383765,05/19/2026,698,1010277583,MVC DavaoTG,RKE25AVA,outdoor,1.0HP,K015683
8010383765,05/19/2026,698,1010277583,MVC DavaoTG,RKE35AVA,outdoor,1.5HP,K011670
8010383765,05/19/2026,698,1010277583,MVC DavaoTG,RKE35AVA,outdoor,1.5HP,K011673
8010383765,05/19/2026,698,1010277583,MVC DavaoTG,RKE35AVA,outdoor,1.5HP,K011678
8010383765,05/19/2026,698,1010277583,MVC DavaoTG,RKE35AVA,outdoor,1.5HP,K011685
8010383765,05/19/2026,698,1010277583,MVC DavaoTG,RKE35AVA,outdoor,1.5HP,K011686
8010383765,05/19/2026,698,1010277583,MVC DavaoTG,RKE35AVA,outdoor,1.5HP,K011688
8010383765,05/19/2026,698,1010277583,MVC DavaoTG,RKE35AVA,outdoor,1.5HP,K011689
8010383765,05/19/2026,698,1010277583,MVC DavaoTG,RKE35AVA,outdoor,1.5HP,K011705
8010383765,05/19/2026,698,1010277583,MVC DavaoTG,RKE35AVA,outdoor,1.5HP,K011712
8010383765,05/19/2026,698,1010277583,MVC DavaoTG,RKE35AVA,outdoor,1.5HP,K011771
8010383765,05/19/2026,698,1010277583,MVC DavaoTG,RKE35AVA,outdoor,1.5HP,K011775
8010383765,05/19/2026,698,1010277583,MVC DavaoTG,RKE35AVA,outdoor,1.5HP,K011851
8010383765,05/19/2026,698,1010277583,MVC DavaoTG,RKE35AVA,outdoor,1.5HP,K011856
8010383765,05/19/2026,698,1010277583,MVC DavaoTG,RKE35AVA,outdoor,1.5HP,K011871
8010383765,05/19/2026,698,1010277583,MVC DavaoTG,RKE35AVA,outdoor,1.5HP,K012028
8010383765,05/19/2026,698,1010277583,MVC DavaoTG,RKE35AVA,outdoor,1.5HP,K013745
8010383765,05/19/2026,698,1010277583,MVC DavaoTG,RKE35AVA,outdoor,1.5HP,K013750
8010383765,05/19/2026,698,1010277583,MVC DavaoTG,RKE35AVA,outdoor,1.5HP,K013751
8010383765,05/19/2026,698,1010277583,MVC DavaoTG,RKE35AVA,outdoor,1.5HP,K013753
8010383765,05/19/2026,698,1010277583,MVC DavaoTG,RKE35AVA,outdoor,1.5HP,K013754
8010383798,05/19/2026,697,1010277409,MVC DavaoTG,FTKZ25WVM,indoor,1.0HP,E002549
8010383798,05/19/2026,697,1010277409,MVC DavaoTG,FTKZ25WVM,indoor,1.0HP,E002581
8010383798,05/19/2026,697,1010277409,MVC DavaoTG,FTKZ35WVM,indoor,1.5HP,E003469
8010383798,05/19/2026,697,1010277409,MVC DavaoTG,FTKZ50WVM,indoor,2.0HP,E002496
8010383798,05/19/2026,697,1010277409,MVC DavaoTG,FTKZ60WVM,indoor,2.5HP,E001932
8010383798,05/19/2026,697,1010277409,MVC DavaoTG,RKZ25WVM,outdoor,1.0HP,E002499
8010383798,05/19/2026,697,1010277409,MVC DavaoTG,RKZ25WVM,outdoor,1.0HP,E002549
8010383798,05/19/2026,697,1010277409,MVC DavaoTG,RKZ35WVM,outdoor,1.5HP,E003670
8010383798,05/19/2026,697,1010277409,MVC DavaoTG,RKZ50WVM,outdoor,2.0HP,E002543
8010383798,05/19/2026,697,1010277409,MVC DavaoTG,RKZ60WVM,outdoor,2.5HP,E001949
